Exception in thread Thread-2 (_readerthread):
Exception in thread Thread-1 (_readerthread):
Traceback (most recent call last):
  File "C:\Users\matth\AppData\Local\Python\pythoncore-3.14-64\Lib\threading.py", line 1082, in _bootstrap_inner
    self._context.run(self.run)
    ~~~~~~~~~~~~~~~~~^^^^^^^^^^
  File "C:\Users\matth\AppData\Local\Python\pythoncore-3.14-64\Lib\threading.py", line 1024, in run
    self._target(*self._args, **self._kwargs)
    ~~~~~~~~~~~~^^^^^^^^^^^^^^^^^^^^^^^^^^^^^
  File "C:\Users\matth\AppData\Local\Python\pythoncore-3.14-64\Lib\subprocess.py", line 1614, in _readerthread
    buffer.append(fh.read())
                  ~~~~~~~^^
  File "C:\Users\matth\AppData\Local\Python\pythoncore-3.14-64\Lib\encodings\cp1252.py", line 23, in decode
    return codecs.charmap_decode(input,self.errors,decoding_table)[0]
           ~~~~~~~~~~~~~~~~~~~~~^^^^^^^^^^^^^^^^^^^^^^^^^^^^^^^^^^
Traceback (most recent call last):
UnicodeDecodeError: 'charmap' codec can't decode byte 0x8f in position 230: character maps to <undefined>
  File "C:\Users\matth\AppData\Local\Python\pythoncore-3.14-64\Lib\threading.py", line 1082, in _bootstrap_inner
    self._context.run(self.run)
    ~~~~~~~~~~~~~~~~~^^^^^^^^^^
  File "C:\Users\matth\AppData\Local\Python\pythoncore-3.14-64\Lib\threading.py", line 1024, in run
    self._target(*self._args, **self._kwargs)
    ~~~~~~~~~~~~^^^^^^^^^^^^^^^^^^^^^^^^^^^^^
  File "C:\Users\matth\AppData\Local\Python\pythoncore-3.14-64\Lib\subprocess.py", line 1614, in _readerthread
    buffer.append(fh.read())
                  ~~~~~~~^^
  File "C:\Users\matth\AppData\Local\Python\pythoncore-3.14-64\Lib\encodings\cp1252.py", line 23, in decode
    return codecs.charmap_decode(input,self.errors,decoding_table)[0]
           ~~~~~~~~~~~~~~~~~~~~~^^^^^^^^^^^^^^^^^^^^^^^^^^^^^^^^^^
UnicodeDecodeError: 'charmap' codec can't decode byte 0x8f in position 7: character maps to <undefined>
schema ok
ca-cm-kg records 4820
ca-cm-kg statements 50598 events 25222 files 13
Exception in thread Thread-4 (_readerthread):
Exception in thread Thread-3 (_readerthread):
Traceback (most recent call last):
  File "C:\Users\matth\AppData\Local\Python\pythoncore-3.14-64\Lib\threading.py", line 1082, in _bootstrap_inner
    self._context.run(self.run)
    ~~~~~~~~~~~~~~~~~^^^^^^^^^^
  File "C:\Users\matth\AppData\Local\Python\pythoncore-3.14-64\Lib\threading.py", line 1024, in run
    self._target(*self._args, **self._kwargs)
    ~~~~~~~~~~~~^^^^^^^^^^^^^^^^^^^^^^^^^^^^^
Traceback (most recent call last):
  File "C:\Users\matth\AppData\Local\Python\pythoncore-3.14-64\Lib\subprocess.py", line 1614, in _readerthread
    buffer.append(fh.read())
                  ~~~~~~~^^
  File "C:\Users\matth\AppData\Local\Python\pythoncore-3.14-64\Lib\threading.py", line 1082, in _bootstrap_inner
    self._context.run(self.run)
    ~~~~~~~~~~~~~~~~~^^^^^^^^^^
  File "C:\Users\matth\AppData\Local\Python\pythoncore-3.14-64\Lib\encodings\cp1252.py", line 23, in decode
    return codecs.charmap_decode(input,self.errors,decoding_table)[0]
           ~~~~~~~~~~~~~~~~~~~~~^^^^^^^^^^^^^^^^^^^^^^^^^^^^^^^^^^
  File "C:\Users\matth\AppData\Local\Python\pythoncore-3.14-64\Lib\threading.py", line 1024, in run
    self._target(*self._args, **self._kwargs)
    ~~~~~~~~~~~~^^^^^^^^^^^^^^^^^^^^^^^^^^^^^
  File "C:\Users\matth\AppData\Local\Python\pythoncore-3.14-64\Lib\subprocess.py", line 1614, in _readerthread
    buffer.append(fh.read())
                  ~~~~~~~^^
UnicodeDecodeError: 'charmap' codec can't decode byte 0x8f in position 230: character maps to <undefined>
  File "C:\Users\matth\AppData\Local\Python\pythoncore-3.14-64\Lib\encodings\cp1252.py", line 23, in decode
    return codecs.charmap_decode(input,self.errors,decoding_table)[0]
           ~~~~~~~~~~~~~~~~~~~~~^^^^^^^^^^^^^^^^^^^^^^^^^^^^^^^^^^
UnicodeDecodeError: 'charmap' codec can't decode byte 0x8f in position 7: character maps to <undefined>
   ca-cm-kg 1 / 13
Exception in thread Thread-6 (_readerthread):
Exception in thread Thread-5 (_readerthread):
Traceback (most recent call last):
  File "C:\Users\matth\AppData\Local\Python\pythoncore-3.14-64\Lib\threading.py", line 1082, in _bootstrap_inner
    self._context.run(self.run)
    ~~~~~~~~~~~~~~~~~^^^^^^^^^^
Traceback (most recent call last):
  File "C:\Users\matth\AppData\Local\Python\pythoncore-3.14-64\Lib\threading.py", line 1024, in run
    self._target(*self._args, **self._kwargs)
    ~~~~~~~~~~~~^^^^^^^^^^^^^^^^^^^^^^^^^^^^^
  File "C:\Users\matth\AppData\Local\Python\pythoncore-3.14-64\Lib\threading.py", line 1082, in _bootstrap_inner
    self._context.run(self.run)
    ~~~~~~~~~~~~~~~~~^^^^^^^^^^
  File "C:\Users\matth\AppData\Local\Python\pythoncore-3.14-64\Lib\subprocess.py", line 1614, in _readerthread
    buffer.append(fh.read())
                  ~~~~~~~^^
  File "C:\Users\matth\AppData\Local\Python\pythoncore-3.14-64\Lib\threading.py", line 1024, in run
    self._target(*self._args, **self._kwargs)
    ~~~~~~~~~~~~^^^^^^^^^^^^^^^^^^^^^^^^^^^^^
  File "C:\Users\matth\AppData\Local\Python\pythoncore-3.14-64\Lib\encodings\cp1252.py", line 23, in decode
    return codecs.charmap_decode(input,self.errors,decoding_table)[0]
           ~~~~~~~~~~~~~~~~~~~~~^^^^^^^^^^^^^^^^^^^^^^^^^^^^^^^^^^
  File "C:\Users\matth\AppData\Local\Python\pythoncore-3.14-64\Lib\subprocess.py", line 1614, in _readerthread
    buffer.append(fh.read())
                  ~~~~~~~^^
UnicodeDecodeError: 'charmap' codec can't decode byte 0x8f in position 230: character maps to <undefined>
  File "C:\Users\matth\AppData\Local\Python\pythoncore-3.14-64\Lib\encodings\cp1252.py", line 23, in decode
    return codecs.charmap_decode(input,self.errors,decoding_table)[0]
           ~~~~~~~~~~~~~~~~~~~~~^^^^^^^^^^^^^^^^^^^^^^^^^^^^^^^^^^
UnicodeDecodeError: 'charmap' codec can't decode byte 0x8f in position 7: character maps to <undefined>
Exception in thread Thread-7 (_readerthread):
Exception in thread Thread-8 (_readerthread):
Traceback (most recent call last):
Traceback (most recent call last):
  File "C:\Users\matth\AppData\Local\Python\pythoncore-3.14-64\Lib\threading.py", line 1082, in _bootstrap_inner
    self._context.run(self.run)
    ~~~~~~~~~~~~~~~~~^^^^^^^^^^
  File "C:\Users\matth\AppData\Local\Python\pythoncore-3.14-64\Lib\threading.py", line 1082, in _bootstrap_inner
    self._context.run(self.run)
    ~~~~~~~~~~~~~~~~~^^^^^^^^^^
  File "C:\Users\matth\AppData\Local\Python\pythoncore-3.14-64\Lib\threading.py", line 1024, in run
    self._target(*self._args, **self._kwargs)
    ~~~~~~~~~~~~^^^^^^^^^^^^^^^^^^^^^^^^^^^^^
  File "C:\Users\matth\AppData\Local\Python\pythoncore-3.14-64\Lib\threading.py", line 1024, in run
    self._target(*self._args, **self._kwargs)
    ~~~~~~~~~~~~^^^^^^^^^^^^^^^^^^^^^^^^^^^^^
  File "C:\Users\matth\AppData\Local\Python\pythoncore-3.14-64\Lib\subprocess.py", line 1614, in _readerthread
    buffer.append(fh.read())
                  ~~~~~~~^^
  File "C:\Users\matth\AppData\Local\Python\pythoncore-3.14-64\Lib\subprocess.py", line 1614, in _readerthread
    buffer.append(fh.read())
                  ~~~~~~~^^
  File "C:\Users\matth\AppData\Local\Python\pythoncore-3.14-64\Lib\encodings\cp1252.py", line 23, in decode
    return codecs.charmap_decode(input,self.errors,decoding_table)[0]
           ~~~~~~~~~~~~~~~~~~~~~^^^^^^^^^^^^^^^^^^^^^^^^^^^^^^^^^^
  File "C:\Users\matth\AppData\Local\Python\pythoncore-3.14-64\Lib\encodings\cp1252.py", line 23, in decode
    return codecs.charmap_decode(input,self.errors,decoding_table)[0]
           ~~~~~~~~~~~~~~~~~~~~~^^^^^^^^^^^^^^^^^^^^^^^^^^^^^^^^^^
UnicodeDecodeError: 'charmap' codec can't decode byte 0x8f in position 7: character maps to <undefined>
UnicodeDecodeError: 'charmap' codec can't decode byte 0x8f in position 230: character maps to <undefined>
Exception in thread Thread-9 (_readerthread):
Exception in thread Thread-10 (_readerthread):
Traceback (most recent call last):
  File "C:\Users\matth\AppData\Local\Python\pythoncore-3.14-64\Lib\threading.py", line 1082, in _bootstrap_inner
    self._context.run(self.run)
    ~~~~~~~~~~~~~~~~~^^^^^^^^^^
Traceback (most recent call last):
  File "C:\Users\matth\AppData\Local\Python\pythoncore-3.14-64\Lib\threading.py", line 1024, in run
    self._target(*self._args, **self._kwargs)
    ~~~~~~~~~~~~^^^^^^^^^^^^^^^^^^^^^^^^^^^^^
  File "C:\Users\matth\AppData\Local\Python\pythoncore-3.14-64\Lib\threading.py", line 1082, in _bootstrap_inner
    self._context.run(self.run)
    ~~~~~~~~~~~~~~~~~^^^^^^^^^^
  File "C:\Users\matth\AppData\Local\Python\pythoncore-3.14-64\Lib\subprocess.py", line 1614, in _readerthread
    buffer.append(fh.read())
                  ~~~~~~~^^
  File "C:\Users\matth\AppData\Local\Python\pythoncore-3.14-64\Lib\threading.py", line 1024, in run
    self._target(*self._args, **self._kwargs)
    ~~~~~~~~~~~~^^^^^^^^^^^^^^^^^^^^^^^^^^^^^
  File "C:\Users\matth\AppData\Local\Python\pythoncore-3.14-64\Lib\subprocess.py", line 1614, in _readerthread
    buffer.append(fh.read())
                  ~~~~~~~^^
  File "C:\Users\matth\AppData\Local\Python\pythoncore-3.14-64\Lib\encodings\cp1252.py", line 23, in decode
    return codecs.charmap_decode(input,self.errors,decoding_table)[0]
           ~~~~~~~~~~~~~~~~~~~~~^^^^^^^^^^^^^^^^^^^^^^^^^^^^^^^^^^
  File "C:\Users\matth\AppData\Local\Python\pythoncore-3.14-64\Lib\encodings\cp1252.py", line 23, in decode
    return codecs.charmap_decode(input,self.errors,decoding_table)[0]
           ~~~~~~~~~~~~~~~~~~~~~^^^^^^^^^^^^^^^^^^^^^^^^^^^^^^^^^^
UnicodeDecodeError: 'charmap' codec can't decode byte 0x8f in position 230: character maps to <undefined>
UnicodeDecodeError: 'charmap' codec can't decode byte 0x8f in position 7: character maps to <undefined>
Exception in thread Thread-11 (_readerthread):
Exception in thread Thread-12 (_readerthread):
Traceback (most recent call last):
Traceback (most recent call last):
  File "C:\Users\matth\AppData\Local\Python\pythoncore-3.14-64\Lib\threading.py", line 1082, in _bootstrap_inner
    self._context.run(self.run)
    ~~~~~~~~~~~~~~~~~^^^^^^^^^^
  File "C:\Users\matth\AppData\Local\Python\pythoncore-3.14-64\Lib\threading.py", line 1082, in _bootstrap_inner
    self._context.run(self.run)
    ~~~~~~~~~~~~~~~~~^^^^^^^^^^
  File "C:\Users\matth\AppData\Local\Python\pythoncore-3.14-64\Lib\threading.py", line 1024, in run
    self._target(*self._args, **self._kwargs)
    ~~~~~~~~~~~~^^^^^^^^^^^^^^^^^^^^^^^^^^^^^
  File "C:\Users\matth\AppData\Local\Python\pythoncore-3.14-64\Lib\threading.py", line 1024, in run
    self._target(*self._args, **self._kwargs)
    ~~~~~~~~~~~~^^^^^^^^^^^^^^^^^^^^^^^^^^^^^
  File "C:\Users\matth\AppData\Local\Python\pythoncore-3.14-64\Lib\subprocess.py", line 1614, in _readerthread
    buffer.append(fh.read())
                  ~~~~~~~^^
  File "C:\Users\matth\AppData\Local\Python\pythoncore-3.14-64\Lib\subprocess.py", line 1614, in _readerthread
    buffer.append(fh.read())
                  ~~~~~~~^^
  File "C:\Users\matth\AppData\Local\Python\pythoncore-3.14-64\Lib\encodings\cp1252.py", line 23, in decode
    return codecs.charmap_decode(input,self.errors,decoding_table)[0]
           ~~~~~~~~~~~~~~~~~~~~~^^^^^^^^^^^^^^^^^^^^^^^^^^^^^^^^^^
  File "C:\Users\matth\AppData\Local\Python\pythoncore-3.14-64\Lib\encodings\cp1252.py", line 23, in decode
    return codecs.charmap_decode(input,self.errors,decoding_table)[0]
           ~~~~~~~~~~~~~~~~~~~~~^^^^^^^^^^^^^^^^^^^^^^^^^^^^^^^^^^
UnicodeDecodeError: 'charmap' codec can't decode byte 0x8f in position 7: character maps to <undefined>
UnicodeDecodeError: 'charmap' codec can't decode byte 0x8f in position 230: character maps to <undefined>
Exception in thread Thread-13 (_readerthread):
Exception in thread Thread-14 (_readerthread):
Traceback (most recent call last):
Traceback (most recent call last):
  File "C:\Users\matth\AppData\Local\Python\pythoncore-3.14-64\Lib\threading.py", line 1082, in _bootstrap_inner
    self._context.run(self.run)
    ~~~~~~~~~~~~~~~~~^^^^^^^^^^
  File "C:\Users\matth\AppData\Local\Python\pythoncore-3.14-64\Lib\threading.py", line 1082, in _bootstrap_inner
    self._context.run(self.run)
    ~~~~~~~~~~~~~~~~~^^^^^^^^^^
  File "C:\Users\matth\AppData\Local\Python\pythoncore-3.14-64\Lib\threading.py", line 1024, in run
    self._target(*self._args, **self._kwargs)
    ~~~~~~~~~~~~^^^^^^^^^^^^^^^^^^^^^^^^^^^^^
  File "C:\Users\matth\AppData\Local\Python\pythoncore-3.14-64\Lib\threading.py", line 1024, in run
    self._target(*self._args, **self._kwargs)
    ~~~~~~~~~~~~^^^^^^^^^^^^^^^^^^^^^^^^^^^^^
  File "C:\Users\matth\AppData\Local\Python\pythoncore-3.14-64\Lib\subprocess.py", line 1614, in _readerthread
    buffer.append(fh.read())
                  ~~~~~~~^^
  File "C:\Users\matth\AppData\Local\Python\pythoncore-3.14-64\Lib\subprocess.py", line 1614, in _readerthread
    buffer.append(fh.read())
                  ~~~~~~~^^
  File "C:\Users\matth\AppData\Local\Python\pythoncore-3.14-64\Lib\encodings\cp1252.py", line 23, in decode
    return codecs.charmap_decode(input,self.errors,decoding_table)[0]
           ~~~~~~~~~~~~~~~~~~~~~^^^^^^^^^^^^^^^^^^^^^^^^^^^^^^^^^^
UnicodeDecodeError: 'charmap' codec can't decode byte 0x8f in position 7: character maps to <undefined>
  File "C:\Users\matth\AppData\Local\Python\pythoncore-3.14-64\Lib\encodings\cp1252.py", line 23, in decode
    return codecs.charmap_decode(input,self.errors,decoding_table)[0]
           ~~~~~~~~~~~~~~~~~~~~~^^^^^^^^^^^^^^^^^^^^^^^^^^^^^^^^^^
UnicodeDecodeError: 'charmap' codec can't decode byte 0x8f in position 230: character maps to <undefined>
   ca-cm-kg 6 / 13
Exception in thread Thread-16 (_readerthread):
Exception in thread Thread-15 (_readerthread):
Traceback (most recent call last):
Traceback (most recent call last):
  File "C:\Users\matth\AppData\Local\Python\pythoncore-3.14-64\Lib\threading.py", line 1082, in _bootstrap_inner
    self._context.run(self.run)
    ~~~~~~~~~~~~~~~~~^^^^^^^^^^
  File "C:\Users\matth\AppData\Local\Python\pythoncore-3.14-64\Lib\threading.py", line 1082, in _bootstrap_inner
    self._context.run(self.run)
    ~~~~~~~~~~~~~~~~~^^^^^^^^^^
  File "C:\Users\matth\AppData\Local\Python\pythoncore-3.14-64\Lib\threading.py", line 1024, in run
    self._target(*self._args, **self._kwargs)
    ~~~~~~~~~~~~^^^^^^^^^^^^^^^^^^^^^^^^^^^^^
  File "C:\Users\matth\AppData\Local\Python\pythoncore-3.14-64\Lib\threading.py", line 1024, in run
    self._target(*self._args, **self._kwargs)
    ~~~~~~~~~~~~^^^^^^^^^^^^^^^^^^^^^^^^^^^^^
  File "C:\Users\matth\AppData\Local\Python\pythoncore-3.14-64\Lib\subprocess.py", line 1614, in _readerthread
    buffer.append(fh.read())
                  ~~~~~~~^^
  File "C:\Users\matth\AppData\Local\Python\pythoncore-3.14-64\Lib\subprocess.py", line 1614, in _readerthread
    buffer.append(fh.read())
                  ~~~~~~~^^
  File "C:\Users\matth\AppData\Local\Python\pythoncore-3.14-64\Lib\encodings\cp1252.py", line 23, in decode
    return codecs.charmap_decode(input,self.errors,decoding_table)[0]
           ~~~~~~~~~~~~~~~~~~~~~^^^^^^^^^^^^^^^^^^^^^^^^^^^^^^^^^^
  File "C:\Users\matth\AppData\Local\Python\pythoncore-3.14-64\Lib\encodings\cp1252.py", line 23, in decode
    return codecs.charmap_decode(input,self.errors,decoding_table)[0]
           ~~~~~~~~~~~~~~~~~~~~~^^^^^^^^^^^^^^^^^^^^^^^^^^^^^^^^^^
UnicodeDecodeError: 'charmap' codec can't decode byte 0x8f in position 230: character maps to <undefined>
UnicodeDecodeError: 'charmap' codec can't decode byte 0x8f in position 7: character maps to <undefined>
Exception in thread Thread-18 (_readerthread):
Exception in thread Thread-17 (_readerthread):
Traceback (most recent call last):
Traceback (most recent call last):
  File "C:\Users\matth\AppData\Local\Python\pythoncore-3.14-64\Lib\threading.py", line 1082, in _bootstrap_inner
    self._context.run(self.run)
    ~~~~~~~~~~~~~~~~~^^^^^^^^^^
  File "C:\Users\matth\AppData\Local\Python\pythoncore-3.14-64\Lib\threading.py", line 1024, in run
    self._target(*self._args, **self._kwargs)
    ~~~~~~~~~~~~^^^^^^^^^^^^^^^^^^^^^^^^^^^^^
  File "C:\Users\matth\AppData\Local\Python\pythoncore-3.14-64\Lib\threading.py", line 1082, in _bootstrap_inner
    self._context.run(self.run)
    ~~~~~~~~~~~~~~~~~^^^^^^^^^^
  File "C:\Users\matth\AppData\Local\Python\pythoncore-3.14-64\Lib\subprocess.py", line 1614, in _readerthread
    buffer.append(fh.read())
                  ~~~~~~~^^
  File "C:\Users\matth\AppData\Local\Python\pythoncore-3.14-64\Lib\threading.py", line 1024, in run
    self._target(*self._args, **self._kwargs)
    ~~~~~~~~~~~~^^^^^^^^^^^^^^^^^^^^^^^^^^^^^
  File "C:\Users\matth\AppData\Local\Python\pythoncore-3.14-64\Lib\encodings\cp1252.py", line 23, in decode
    return codecs.charmap_decode(input,self.errors,decoding_table)[0]
           ~~~~~~~~~~~~~~~~~~~~~^^^^^^^^^^^^^^^^^^^^^^^^^^^^^^^^^^
  File "C:\Users\matth\AppData\Local\Python\pythoncore-3.14-64\Lib\subprocess.py", line 1614, in _readerthread
    buffer.append(fh.read())
                  ~~~~~~~^^
UnicodeDecodeError: 'charmap' codec can't decode byte 0x8f in position 7: character maps to <undefined>
  File "C:\Users\matth\AppData\Local\Python\pythoncore-3.14-64\Lib\encodings\cp1252.py", line 23, in decode
    return codecs.charmap_decode(input,self.errors,decoding_table)[0]
           ~~~~~~~~~~~~~~~~~~~~~^^^^^^^^^^^^^^^^^^^^^^^^^^^^^^^^^^
UnicodeDecodeError: 'charmap' codec can't decode byte 0x8f in position 230: character maps to <undefined>
Exception in thread Thread-20 (_readerthread):
Exception in thread Thread-19 (_readerthread):
Traceback (most recent call last):
  File "C:\Users\matth\AppData\Local\Python\pythoncore-3.14-64\Lib\threading.py", line 1082, in _bootstrap_inner
    self._context.run(self.run)
    ~~~~~~~~~~~~~~~~~^^^^^^^^^^
  File "C:\Users\matth\AppData\Local\Python\pythoncore-3.14-64\Lib\threading.py", line 1024, in run
    self._target(*self._args, **self._kwargs)
    ~~~~~~~~~~~~^^^^^^^^^^^^^^^^^^^^^^^^^^^^^
  File "C:\Users\matth\AppData\Local\Python\pythoncore-3.14-64\Lib\subprocess.py", line 1614, in _readerthread
    buffer.append(fh.read())
                  ~~~~~~~^^
  File "C:\Users\matth\AppData\Local\Python\pythoncore-3.14-64\Lib\encodings\cp1252.py", line 23, in decode
    return codecs.charmap_decode(input,self.errors,decoding_table)[0]
           ~~~~~~~~~~~~~~~~~~~~~^^^^^^^^^^^^^^^^^^^^^^^^^^^^^^^^^^
UnicodeDecodeError: 'charmap' codec can't decode byte 0x8f in position 230: character maps to <undefined>
Traceback (most recent call last):
  File "C:\Users\matth\AppData\Local\Python\pythoncore-3.14-64\Lib\threading.py", line 1082, in _bootstrap_inner
    self._context.run(self.run)
    ~~~~~~~~~~~~~~~~~^^^^^^^^^^
  File "C:\Users\matth\AppData\Local\Python\pythoncore-3.14-64\Lib\threading.py", line 1024, in run
    self._target(*self._args, **self._kwargs)
    ~~~~~~~~~~~~^^^^^^^^^^^^^^^^^^^^^^^^^^^^^
  File "C:\Users\matth\AppData\Local\Python\pythoncore-3.14-64\Lib\subprocess.py", line 1614, in _readerthread
    buffer.append(fh.read())
                  ~~~~~~~^^
  File "C:\Users\matth\AppData\Local\Python\pythoncore-3.14-64\Lib\encodings\cp1252.py", line 23, in decode
    return codecs.charmap_decode(input,self.errors,decoding_table)[0]
           ~~~~~~~~~~~~~~~~~~~~~^^^^^^^^^^^^^^^^^^^^^^^^^^^^^^^^^^
UnicodeDecodeError: 'charmap' codec can't decode byte 0x8f in position 7: character maps to <undefined>
Exception in thread Thread-22 (_readerthread):
Exception in thread Thread-21 (_readerthread):
Traceback (most recent call last):
  File "C:\Users\matth\AppData\Local\Python\pythoncore-3.14-64\Lib\threading.py", line 1082, in _bootstrap_inner
    self._context.run(self.run)
    ~~~~~~~~~~~~~~~~~^^^^^^^^^^
  File "C:\Users\matth\AppData\Local\Python\pythoncore-3.14-64\Lib\threading.py", line 1024, in run
    self._target(*self._args, **self._kwargs)
    ~~~~~~~~~~~~^^^^^^^^^^^^^^^^^^^^^^^^^^^^^
  File "C:\Users\matth\AppData\Local\Python\pythoncore-3.14-64\Lib\subprocess.py", line 1614, in _readerthread
    buffer.append(fh.read())
                  ~~~~~~~^^
  File "C:\Users\matth\AppData\Local\Python\pythoncore-3.14-64\Lib\encodings\cp1252.py", line 23, in decode
    return codecs.charmap_decode(input,self.errors,decoding_table)[0]
           ~~~~~~~~~~~~~~~~~~~~~^^^^^^^^^^^^^^^^^^^^^^^^^^^^^^^^^^
Traceback (most recent call last):
UnicodeDecodeError: 'charmap' codec can't decode byte 0x8f in position 230: character maps to <undefined>
  File "C:\Users\matth\AppData\Local\Python\pythoncore-3.14-64\Lib\threading.py", line 1082, in _bootstrap_inner
    self._context.run(self.run)
    ~~~~~~~~~~~~~~~~~^^^^^^^^^^
  File "C:\Users\matth\AppData\Local\Python\pythoncore-3.14-64\Lib\threading.py", line 1024, in run
    self._target(*self._args, **self._kwargs)
    ~~~~~~~~~~~~^^^^^^^^^^^^^^^^^^^^^^^^^^^^^
  File "C:\Users\matth\AppData\Local\Python\pythoncore-3.14-64\Lib\subprocess.py", line 1614, in _readerthread
    buffer.append(fh.read())
                  ~~~~~~~^^
  File "C:\Users\matth\AppData\Local\Python\pythoncore-3.14-64\Lib\encodings\cp1252.py", line 23, in decode
    return codecs.charmap_decode(input,self.errors,decoding_table)[0]
           ~~~~~~~~~~~~~~~~~~~~~^^^^^^^^^^^^^^^^^^^^^^^^^^^^^^^^^^
UnicodeDecodeError: 'charmap' codec can't decode byte 0x8f in position 7: character maps to <undefined>
Exception in thread Thread-24 (_readerthread):
Exception in thread Thread-23 (_readerthread):
Traceback (most recent call last):
  File "C:\Users\matth\AppData\Local\Python\pythoncore-3.14-64\Lib\threading.py", line 1082, in _bootstrap_inner
    self._context.run(self.run)
    ~~~~~~~~~~~~~~~~~^^^^^^^^^^
Traceback (most recent call last):
  File "C:\Users\matth\AppData\Local\Python\pythoncore-3.14-64\Lib\threading.py", line 1024, in run
    self._target(*self._args, **self._kwargs)
    ~~~~~~~~~~~~^^^^^^^^^^^^^^^^^^^^^^^^^^^^^
  File "C:\Users\matth\AppData\Local\Python\pythoncore-3.14-64\Lib\threading.py", line 1082, in _bootstrap_inner
    self._context.run(self.run)
    ~~~~~~~~~~~~~~~~~^^^^^^^^^^
  File "C:\Users\matth\AppData\Local\Python\pythoncore-3.14-64\Lib\subprocess.py", line 1614, in _readerthread
    buffer.append(fh.read())
                  ~~~~~~~^^
  File "C:\Users\matth\AppData\Local\Python\pythoncore-3.14-64\Lib\threading.py", line 1024, in run
    self._target(*self._args, **self._kwargs)
    ~~~~~~~~~~~~^^^^^^^^^^^^^^^^^^^^^^^^^^^^^
  File "C:\Users\matth\AppData\Local\Python\pythoncore-3.14-64\Lib\encodings\cp1252.py", line 23, in decode
    return codecs.charmap_decode(input,self.errors,decoding_table)[0]
           ~~~~~~~~~~~~~~~~~~~~~^^^^^^^^^^^^^^^^^^^^^^^^^^^^^^^^^^
  File "C:\Users\matth\AppData\Local\Python\pythoncore-3.14-64\Lib\subprocess.py", line 1614, in _readerthread
    buffer.append(fh.read())
                  ~~~~~~~^^
UnicodeDecodeError: 'charmap' codec can't decode byte 0x8f in position 7: character maps to <undefined>
  File "C:\Users\matth\AppData\Local\Python\pythoncore-3.14-64\Lib\encodings\cp1252.py", line 23, in decode
    return codecs.charmap_decode(input,self.errors,decoding_table)[0]
           ~~~~~~~~~~~~~~~~~~~~~^^^^^^^^^^^^^^^^^^^^^^^^^^^^^^^^^^
UnicodeDecodeError: 'charmap' codec can't decode byte 0x8f in position 230: character maps to <undefined>
   ca-cm-kg 11 / 13
Exception in thread Thread-25 (_readerthread):
Exception in thread Thread-26 (_readerthread):
Traceback (most recent call last):
Traceback (most recent call last):
  File "C:\Users\matth\AppData\Local\Python\pythoncore-3.14-64\Lib\threading.py", line 1082, in _bootstrap_inner
    self._context.run(self.run)
    ~~~~~~~~~~~~~~~~~^^^^^^^^^^
  File "C:\Users\matth\AppData\Local\Python\pythoncore-3.14-64\Lib\threading.py", line 1024, in run
    self._target(*self._args, **self._kwargs)
    ~~~~~~~~~~~~^^^^^^^^^^^^^^^^^^^^^^^^^^^^^
  File "C:\Users\matth\AppData\Local\Python\pythoncore-3.14-64\Lib\subprocess.py", line 1614, in _readerthread
    buffer.append(fh.read())
                  ~~~~~~~^^
  File "C:\Users\matth\AppData\Local\Python\pythoncore-3.14-64\Lib\encodings\cp1252.py", line 23, in decode
    return codecs.charmap_decode(input,self.errors,decoding_table)[0]
           ~~~~~~~~~~~~~~~~~~~~~^^^^^^^^^^^^^^^^^^^^^^^^^^^^^^^^^^
UnicodeDecodeError: 'charmap' codec can't decode byte 0x8f in position 7: character maps to <undefined>
  File "C:\Users\matth\AppData\Local\Python\pythoncore-3.14-64\Lib\threading.py", line 1082, in _bootstrap_inner
    self._context.run(self.run)
    ~~~~~~~~~~~~~~~~~^^^^^^^^^^
  File "C:\Users\matth\AppData\Local\Python\pythoncore-3.14-64\Lib\threading.py", line 1024, in run
    self._target(*self._args, **self._kwargs)
    ~~~~~~~~~~~~^^^^^^^^^^^^^^^^^^^^^^^^^^^^^
  File "C:\Users\matth\AppData\Local\Python\pythoncore-3.14-64\Lib\subprocess.py", line 1614, in _readerthread
    buffer.append(fh.read())
                  ~~~~~~~^^
  File "C:\Users\matth\AppData\Local\Python\pythoncore-3.14-64\Lib\encodings\cp1252.py", line 23, in decode
    return codecs.charmap_decode(input,self.errors,decoding_table)[0]
           ~~~~~~~~~~~~~~~~~~~~~^^^^^^^^^^^^^^^^^^^^^^^^^^^^^^^^^^
UnicodeDecodeError: 'charmap' codec can't decode byte 0x8f in position 230: character maps to <undefined>
Exception in thread Thread-28 (_readerthread):
Exception in thread Thread-27 (_readerthread):
Traceback (most recent call last):
  File "C:\Users\matth\AppData\Local\Python\pythoncore-3.14-64\Lib\threading.py", line 1082, in _bootstrap_inner
    self._context.run(self.run)
    ~~~~~~~~~~~~~~~~~^^^^^^^^^^
  File "C:\Users\matth\AppData\Local\Python\pythoncore-3.14-64\Lib\threading.py", line 1024, in run
    self._target(*self._args, **self._kwargs)
    ~~~~~~~~~~~~^^^^^^^^^^^^^^^^^^^^^^^^^^^^^
  File "C:\Users\matth\AppData\Local\Python\pythoncore-3.14-64\Lib\subprocess.py", line 1614, in _readerthread
    buffer.append(fh.read())
                  ~~~~~~~^^
  File "C:\Users\matth\AppData\Local\Python\pythoncore-3.14-64\Lib\encodings\cp1252.py", line 23, in decode
    return codecs.charmap_decode(input,self.errors,decoding_table)[0]
           ~~~~~~~~~~~~~~~~~~~~~^^^^^^^^^^^^^^^^^^^^^^^^^^^^^^^^^^
UnicodeDecodeError: 'charmap' codec can't decode byte 0x8f in position 230: character maps to <undefined>
Traceback (most recent call last):
  File "C:\Users\matth\AppData\Local\Python\pythoncore-3.14-64\Lib\threading.py", line 1082, in _bootstrap_inner
    self._context.run(self.run)
    ~~~~~~~~~~~~~~~~~^^^^^^^^^^
  File "C:\Users\matth\AppData\Local\Python\pythoncore-3.14-64\Lib\threading.py", line 1024, in run
    self._target(*self._args, **self._kwargs)
    ~~~~~~~~~~~~^^^^^^^^^^^^^^^^^^^^^^^^^^^^^
  File "C:\Users\matth\AppData\Local\Python\pythoncore-3.14-64\Lib\subprocess.py", line 1614, in _readerthread
    buffer.append(fh.read())
                  ~~~~~~~^^
  File "C:\Users\matth\AppData\Local\Python\pythoncore-3.14-64\Lib\encodings\cp1252.py", line 23, in decode
    return codecs.charmap_decode(input,self.errors,decoding_table)[0]
           ~~~~~~~~~~~~~~~~~~~~~^^^^^^^^^^^^^^^^^^^^^^^^^^^^^^^^^^
UnicodeDecodeError: 'charmap' codec can't decode byte 0x8f in position 7: character maps to <undefined>
uk-cm-kg records 1570
uk-cm-kg statements 140676 events 128393 files 36
Exception in thread Thread-29 (_readerthread):
Exception in thread Thread-30 (_readerthread):
Traceback (most recent call last):
  File "C:\Users\matth\AppData\Local\Python\pythoncore-3.14-64\Lib\threading.py", line 1082, in _bootstrap_inner
    self._context.run(self.run)
    ~~~~~~~~~~~~~~~~~^^^^^^^^^^
  File "C:\Users\matth\AppData\Local\Python\pythoncore-3.14-64\Lib\threading.py", line 1024, in run
    self._target(*self._args, **self._kwargs)
    ~~~~~~~~~~~~^^^^^^^^^^^^^^^^^^^^^^^^^^^^^
  File "C:\Users\matth\AppData\Local\Python\pythoncore-3.14-64\Lib\subprocess.py", line 1614, in _readerthread
    buffer.append(fh.read())
                  ~~~~~~~^^
  File "C:\Users\matth\AppData\Local\Python\pythoncore-3.14-64\Lib\encodings\cp1252.py", line 23, in decode
    return codecs.charmap_decode(input,self.errors,decoding_table)[0]
           ~~~~~~~~~~~~~~~~~~~~~^^^^^^^^^^^^^^^^^^^^^^^^^^^^^^^^^^
Traceback (most recent call last):
UnicodeDecodeError: 'charmap' codec can't decode byte 0x8f in position 230: character maps to <undefined>
  File "C:\Users\matth\AppData\Local\Python\pythoncore-3.14-64\Lib\threading.py", line 1082, in _bootstrap_inner
    self._context.run(self.run)
    ~~~~~~~~~~~~~~~~~^^^^^^^^^^
  File "C:\Users\matth\AppData\Local\Python\pythoncore-3.14-64\Lib\threading.py", line 1024, in run
    self._target(*self._args, **self._kwargs)
    ~~~~~~~~~~~~^^^^^^^^^^^^^^^^^^^^^^^^^^^^^
  File "C:\Users\matth\AppData\Local\Python\pythoncore-3.14-64\Lib\subprocess.py", line 1614, in _readerthread
    buffer.append(fh.read())
                  ~~~~~~~^^
  File "C:\Users\matth\AppData\Local\Python\pythoncore-3.14-64\Lib\encodings\cp1252.py", line 23, in decode
    return codecs.charmap_decode(input,self.errors,decoding_table)[0]
           ~~~~~~~~~~~~~~~~~~~~~^^^^^^^^^^^^^^^^^^^^^^^^^^^^^^^^^^
UnicodeDecodeError: 'charmap' codec can't decode byte 0x8f in position 7: character maps to <undefined>
   uk-cm-kg 1 / 36
Exception in thread Thread-31 (_readerthread):
Exception in thread Thread-32 (_readerthread):
Traceback (most recent call last):
Traceback (most recent call last):
  File "C:\Users\matth\AppData\Local\Python\pythoncore-3.14-64\Lib\threading.py", line 1082, in _bootstrap_inner
    self._context.run(self.run)
    ~~~~~~~~~~~~~~~~~^^^^^^^^^^
  File "C:\Users\matth\AppData\Local\Python\pythoncore-3.14-64\Lib\threading.py", line 1024, in run
    self._target(*self._args, **self._kwargs)
    ~~~~~~~~~~~~^^^^^^^^^^^^^^^^^^^^^^^^^^^^^
  File "C:\Users\matth\AppData\Local\Python\pythoncore-3.14-64\Lib\subprocess.py", line 1614, in _readerthread
    buffer.append(fh.read())
                  ~~~~~~~^^
  File "C:\Users\matth\AppData\Local\Python\pythoncore-3.14-64\Lib\encodings\cp1252.py", line 23, in decode
    return codecs.charmap_decode(input,self.errors,decoding_table)[0]
           ~~~~~~~~~~~~~~~~~~~~~^^^^^^^^^^^^^^^^^^^^^^^^^^^^^^^^^^
UnicodeDecodeError: 'charmap' codec can't decode byte 0x8f in position 7: character maps to <undefined>
  File "C:\Users\matth\AppData\Local\Python\pythoncore-3.14-64\Lib\threading.py", line 1082, in _bootstrap_inner
    self._context.run(self.run)
    ~~~~~~~~~~~~~~~~~^^^^^^^^^^
  File "C:\Users\matth\AppData\Local\Python\pythoncore-3.14-64\Lib\threading.py", line 1024, in run
    self._target(*self._args, **self._kwargs)
    ~~~~~~~~~~~~^^^^^^^^^^^^^^^^^^^^^^^^^^^^^
  File "C:\Users\matth\AppData\Local\Python\pythoncore-3.14-64\Lib\subprocess.py", line 1614, in _readerthread
    buffer.append(fh.read())
                  ~~~~~~~^^
  File "C:\Users\matth\AppData\Local\Python\pythoncore-3.14-64\Lib\encodings\cp1252.py", line 23, in decode
    return codecs.charmap_decode(input,self.errors,decoding_table)[0]
           ~~~~~~~~~~~~~~~~~~~~~^^^^^^^^^^^^^^^^^^^^^^^^^^^^^^^^^^
UnicodeDecodeError: 'charmap' codec can't decode byte 0x8f in position 230: character maps to <undefined>
Exception in thread Thread-33 (_readerthread):
Exception in thread Thread-34 (_readerthread):
Traceback (most recent call last):
  File "C:\Users\matth\AppData\Local\Python\pythoncore-3.14-64\Lib\threading.py", line 1082, in _bootstrap_inner
    self._context.run(self.run)
    ~~~~~~~~~~~~~~~~~^^^^^^^^^^
Traceback (most recent call last):
  File "C:\Users\matth\AppData\Local\Python\pythoncore-3.14-64\Lib\threading.py", line 1024, in run
    self._target(*self._args, **self._kwargs)
    ~~~~~~~~~~~~^^^^^^^^^^^^^^^^^^^^^^^^^^^^^
  File "C:\Users\matth\AppData\Local\Python\pythoncore-3.14-64\Lib\threading.py", line 1082, in _bootstrap_inner
    self._context.run(self.run)
    ~~~~~~~~~~~~~~~~~^^^^^^^^^^
  File "C:\Users\matth\AppData\Local\Python\pythoncore-3.14-64\Lib\subprocess.py", line 1614, in _readerthread
    buffer.append(fh.read())
                  ~~~~~~~^^
  File "C:\Users\matth\AppData\Local\Python\pythoncore-3.14-64\Lib\threading.py", line 1024, in run
    self._target(*self._args, **self._kwargs)
    ~~~~~~~~~~~~^^^^^^^^^^^^^^^^^^^^^^^^^^^^^
  File "C:\Users\matth\AppData\Local\Python\pythoncore-3.14-64\Lib\subprocess.py", line 1614, in _readerthread
    buffer.append(fh.read())
                  ~~~~~~~^^
  File "C:\Users\matth\AppData\Local\Python\pythoncore-3.14-64\Lib\encodings\cp1252.py", line 23, in decode
    return codecs.charmap_decode(input,self.errors,decoding_table)[0]
           ~~~~~~~~~~~~~~~~~~~~~^^^^^^^^^^^^^^^^^^^^^^^^^^^^^^^^^^
  File "C:\Users\matth\AppData\Local\Python\pythoncore-3.14-64\Lib\encodings\cp1252.py", line 23, in decode
    return codecs.charmap_decode(input,self.errors,decoding_table)[0]
           ~~~~~~~~~~~~~~~~~~~~~^^^^^^^^^^^^^^^^^^^^^^^^^^^^^^^^^^
UnicodeDecodeError: 'charmap' codec can't decode byte 0x8f in position 230: character maps to <undefined>
UnicodeDecodeError: 'charmap' codec can't decode byte 0x8f in position 7: character maps to <undefined>
Exception in thread Thread-36 (_readerthread):
Exception in thread Thread-35 (_readerthread):
Traceback (most recent call last):
Traceback (most recent call last):
  File "C:\Users\matth\AppData\Local\Python\pythoncore-3.14-64\Lib\threading.py", line 1082, in _bootstrap_inner
    self._context.run(self.run)
    ~~~~~~~~~~~~~~~~~^^^^^^^^^^
  File "C:\Users\matth\AppData\Local\Python\pythoncore-3.14-64\Lib\threading.py", line 1024, in run
    self._target(*self._args, **self._kwargs)
    ~~~~~~~~~~~~^^^^^^^^^^^^^^^^^^^^^^^^^^^^^
  File "C:\Users\matth\AppData\Local\Python\pythoncore-3.14-64\Lib\subprocess.py", line 1614, in _readerthread
    buffer.append(fh.read())
                  ~~~~~~~^^
  File "C:\Users\matth\AppData\Local\Python\pythoncore-3.14-64\Lib\encodings\cp1252.py", line 23, in decode
    return codecs.charmap_decode(input,self.errors,decoding_table)[0]
           ~~~~~~~~~~~~~~~~~~~~~^^^^^^^^^^^^^^^^^^^^^^^^^^^^^^^^^^
UnicodeDecodeError: 'charmap' codec can't decode byte 0x8f in position 230: character maps to <undefined>
  File "C:\Users\matth\AppData\Local\Python\pythoncore-3.14-64\Lib\threading.py", line 1082, in _bootstrap_inner
    self._context.run(self.run)
    ~~~~~~~~~~~~~~~~~^^^^^^^^^^
  File "C:\Users\matth\AppData\Local\Python\pythoncore-3.14-64\Lib\threading.py", line 1024, in run
    self._target(*self._args, **self._kwargs)
    ~~~~~~~~~~~~^^^^^^^^^^^^^^^^^^^^^^^^^^^^^
  File "C:\Users\matth\AppData\Local\Python\pythoncore-3.14-64\Lib\subprocess.py", line 1614, in _readerthread
    buffer.append(fh.read())
                  ~~~~~~~^^
  File "C:\Users\matth\AppData\Local\Python\pythoncore-3.14-64\Lib\encodings\cp1252.py", line 23, in decode
    return codecs.charmap_decode(input,self.errors,decoding_table)[0]
           ~~~~~~~~~~~~~~~~~~~~~^^^^^^^^^^^^^^^^^^^^^^^^^^^^^^^^^^
UnicodeDecodeError: 'charmap' codec can't decode byte 0x8f in position 7: character maps to <undefined>
Exception in thread Thread-38 (_readerthread):
Exception in thread Thread-37 (_readerthread):
Traceback (most recent call last):
Traceback (most recent call last):
  File "C:\Users\matth\AppData\Local\Python\pythoncore-3.14-64\Lib\threading.py", line 1082, in _bootstrap_inner
    self._context.run(self.run)
    ~~~~~~~~~~~~~~~~~^^^^^^^^^^
  File "C:\Users\matth\AppData\Local\Python\pythoncore-3.14-64\Lib\threading.py", line 1082, in _bootstrap_inner
    self._context.run(self.run)
    ~~~~~~~~~~~~~~~~~^^^^^^^^^^
  File "C:\Users\matth\AppData\Local\Python\pythoncore-3.14-64\Lib\threading.py", line 1024, in run
    self._target(*self._args, **self._kwargs)
    ~~~~~~~~~~~~^^^^^^^^^^^^^^^^^^^^^^^^^^^^^
  File "C:\Users\matth\AppData\Local\Python\pythoncore-3.14-64\Lib\threading.py", line 1024, in run
    self._target(*self._args, **self._kwargs)
    ~~~~~~~~~~~~^^^^^^^^^^^^^^^^^^^^^^^^^^^^^
  File "C:\Users\matth\AppData\Local\Python\pythoncore-3.14-64\Lib\subprocess.py", line 1614, in _readerthread
    buffer.append(fh.read())
                  ~~~~~~~^^
  File "C:\Users\matth\AppData\Local\Python\pythoncore-3.14-64\Lib\subprocess.py", line 1614, in _readerthread
    buffer.append(fh.read())
                  ~~~~~~~^^
  File "C:\Users\matth\AppData\Local\Python\pythoncore-3.14-64\Lib\encodings\cp1252.py", line 23, in decode
    return codecs.charmap_decode(input,self.errors,decoding_table)[0]
           ~~~~~~~~~~~~~~~~~~~~~^^^^^^^^^^^^^^^^^^^^^^^^^^^^^^^^^^
  File "C:\Users\matth\AppData\Local\Python\pythoncore-3.14-64\Lib\encodings\cp1252.py", line 23, in decode
    return codecs.charmap_decode(input,self.errors,decoding_table)[0]
           ~~~~~~~~~~~~~~~~~~~~~^^^^^^^^^^^^^^^^^^^^^^^^^^^^^^^^^^
UnicodeDecodeError: 'charmap' codec can't decode byte 0x8f in position 230: character maps to <undefined>
UnicodeDecodeError: 'charmap' codec can't decode byte 0x8f in position 7: character maps to <undefined>
Exception in thread Thread-40 (_readerthread):
Exception in thread Thread-39 (_readerthread):
Traceback (most recent call last):
Traceback (most recent call last):
  File "C:\Users\matth\AppData\Local\Python\pythoncore-3.14-64\Lib\threading.py", line 1082, in _bootstrap_inner
    self._context.run(self.run)
    ~~~~~~~~~~~~~~~~~^^^^^^^^^^
  File "C:\Users\matth\AppData\Local\Python\pythoncore-3.14-64\Lib\threading.py", line 1082, in _bootstrap_inner
    self._context.run(self.run)
    ~~~~~~~~~~~~~~~~~^^^^^^^^^^
  File "C:\Users\matth\AppData\Local\Python\pythoncore-3.14-64\Lib\threading.py", line 1024, in run
    self._target(*self._args, **self._kwargs)
    ~~~~~~~~~~~~^^^^^^^^^^^^^^^^^^^^^^^^^^^^^
  File "C:\Users\matth\AppData\Local\Python\pythoncore-3.14-64\Lib\threading.py", line 1024, in run
    self._target(*self._args, **self._kwargs)
    ~~~~~~~~~~~~^^^^^^^^^^^^^^^^^^^^^^^^^^^^^
  File "C:\Users\matth\AppData\Local\Python\pythoncore-3.14-64\Lib\subprocess.py", line 1614, in _readerthread
    buffer.append(fh.read())
                  ~~~~~~~^^
  File "C:\Users\matth\AppData\Local\Python\pythoncore-3.14-64\Lib\subprocess.py", line 1614, in _readerthread
    buffer.append(fh.read())
                  ~~~~~~~^^
  File "C:\Users\matth\AppData\Local\Python\pythoncore-3.14-64\Lib\encodings\cp1252.py", line 23, in decode
    return codecs.charmap_decode(input,self.errors,decoding_table)[0]
           ~~~~~~~~~~~~~~~~~~~~~^^^^^^^^^^^^^^^^^^^^^^^^^^^^^^^^^^
  File "C:\Users\matth\AppData\Local\Python\pythoncore-3.14-64\Lib\encodings\cp1252.py", line 23, in decode
    return codecs.charmap_decode(input,self.errors,decoding_table)[0]
           ~~~~~~~~~~~~~~~~~~~~~^^^^^^^^^^^^^^^^^^^^^^^^^^^^^^^^^^
UnicodeDecodeError: 'charmap' codec can't decode byte 0x8f in position 7: character maps to <undefined>
UnicodeDecodeError: 'charmap' codec can't decode byte 0x8f in position 230: character maps to <undefined>
   uk-cm-kg 6 / 36
Exception in thread Thread-41 (_readerthread):
Exception in thread Thread-42 (_readerthread):
Traceback (most recent call last):
Traceback (most recent call last):
  File "C:\Users\matth\AppData\Local\Python\pythoncore-3.14-64\Lib\threading.py", line 1082, in _bootstrap_inner
    self._context.run(self.run)
    ~~~~~~~~~~~~~~~~~^^^^^^^^^^
  File "C:\Users\matth\AppData\Local\Python\pythoncore-3.14-64\Lib\threading.py", line 1082, in _bootstrap_inner
    self._context.run(self.run)
    ~~~~~~~~~~~~~~~~~^^^^^^^^^^
  File "C:\Users\matth\AppData\Local\Python\pythoncore-3.14-64\Lib\threading.py", line 1024, in run
    self._target(*self._args, **self._kwargs)
    ~~~~~~~~~~~~^^^^^^^^^^^^^^^^^^^^^^^^^^^^^
  File "C:\Users\matth\AppData\Local\Python\pythoncore-3.14-64\Lib\threading.py", line 1024, in run
    self._target(*self._args, **self._kwargs)
    ~~~~~~~~~~~~^^^^^^^^^^^^^^^^^^^^^^^^^^^^^
  File "C:\Users\matth\AppData\Local\Python\pythoncore-3.14-64\Lib\subprocess.py", line 1614, in _readerthread
    buffer.append(fh.read())
                  ~~~~~~~^^
  File "C:\Users\matth\AppData\Local\Python\pythoncore-3.14-64\Lib\subprocess.py", line 1614, in _readerthread
    buffer.append(fh.read())
                  ~~~~~~~^^
  File "C:\Users\matth\AppData\Local\Python\pythoncore-3.14-64\Lib\encodings\cp1252.py", line 23, in decode
    return codecs.charmap_decode(input,self.errors,decoding_table)[0]
           ~~~~~~~~~~~~~~~~~~~~~^^^^^^^^^^^^^^^^^^^^^^^^^^^^^^^^^^
  File "C:\Users\matth\AppData\Local\Python\pythoncore-3.14-64\Lib\encodings\cp1252.py", line 23, in decode
    return codecs.charmap_decode(input,self.errors,decoding_table)[0]
           ~~~~~~~~~~~~~~~~~~~~~^^^^^^^^^^^^^^^^^^^^^^^^^^^^^^^^^^
UnicodeDecodeError: 'charmap' codec can't decode byte 0x8f in position 7: character maps to <undefined>
UnicodeDecodeError: 'charmap' codec can't decode byte 0x8f in position 230: character maps to <undefined>
Exception in thread Thread-44 (_readerthread):
Exception in thread Thread-43 (_readerthread):
Traceback (most recent call last):
  File "C:\Users\matth\AppData\Local\Python\pythoncore-3.14-64\Lib\threading.py", line 1082, in _bootstrap_inner
    self._context.run(self.run)
    ~~~~~~~~~~~~~~~~~^^^^^^^^^^
  File "C:\Users\matth\AppData\Local\Python\pythoncore-3.14-64\Lib\threading.py", line 1024, in run
    self._target(*self._args, **self._kwargs)
    ~~~~~~~~~~~~^^^^^^^^^^^^^^^^^^^^^^^^^^^^^
  File "C:\Users\matth\AppData\Local\Python\pythoncore-3.14-64\Lib\subprocess.py", line 1614, in _readerthread
    buffer.append(fh.read())
                  ~~~~~~~^^
  File "C:\Users\matth\AppData\Local\Python\pythoncore-3.14-64\Lib\encodings\cp1252.py", line 23, in decode
    return codecs.charmap_decode(input,self.errors,decoding_table)[0]
           ~~~~~~~~~~~~~~~~~~~~~^^^^^^^^^^^^^^^^^^^^^^^^^^^^^^^^^^
Traceback (most recent call last):
UnicodeDecodeError: 'charmap' codec can't decode byte 0x8f in position 230: character maps to <undefined>
  File "C:\Users\matth\AppData\Local\Python\pythoncore-3.14-64\Lib\threading.py", line 1082, in _bootstrap_inner
    self._context.run(self.run)
    ~~~~~~~~~~~~~~~~~^^^^^^^^^^
  File "C:\Users\matth\AppData\Local\Python\pythoncore-3.14-64\Lib\threading.py", line 1024, in run
    self._target(*self._args, **self._kwargs)
    ~~~~~~~~~~~~^^^^^^^^^^^^^^^^^^^^^^^^^^^^^
  File "C:\Users\matth\AppData\Local\Python\pythoncore-3.14-64\Lib\subprocess.py", line 1614, in _readerthread
    buffer.append(fh.read())
                  ~~~~~~~^^
  File "C:\Users\matth\AppData\Local\Python\pythoncore-3.14-64\Lib\encodings\cp1252.py", line 23, in decode
    return codecs.charmap_decode(input,self.errors,decoding_table)[0]
           ~~~~~~~~~~~~~~~~~~~~~^^^^^^^^^^^^^^^^^^^^^^^^^^^^^^^^^^
UnicodeDecodeError: 'charmap' codec can't decode byte 0x8f in position 7: character maps to <undefined>
Exception in thread Thread-46 (_readerthread):
Exception in thread Thread-45 (_readerthread):
Traceback (most recent call last):
  File "C:\Users\matth\AppData\Local\Python\pythoncore-3.14-64\Lib\threading.py", line 1082, in _bootstrap_inner
    self._context.run(self.run)
    ~~~~~~~~~~~~~~~~~^^^^^^^^^^
  File "C:\Users\matth\AppData\Local\Python\pythoncore-3.14-64\Lib\threading.py", line 1024, in run
    self._target(*self._args, **self._kwargs)
    ~~~~~~~~~~~~^^^^^^^^^^^^^^^^^^^^^^^^^^^^^
  File "C:\Users\matth\AppData\Local\Python\pythoncore-3.14-64\Lib\subprocess.py", line 1614, in _readerthread
    buffer.append(fh.read())
                  ~~~~~~~^^
  File "C:\Users\matth\AppData\Local\Python\pythoncore-3.14-64\Lib\encodings\cp1252.py", line 23, in decode
    return codecs.charmap_decode(input,self.errors,decoding_table)[0]
           ~~~~~~~~~~~~~~~~~~~~~^^^^^^^^^^^^^^^^^^^^^^^^^^^^^^^^^^
UnicodeDecodeError: 'charmap' codec can't decode byte 0x8f in position 230: character maps to <undefined>
Traceback (most recent call last):
  File "C:\Users\matth\AppData\Local\Python\pythoncore-3.14-64\Lib\threading.py", line 1082, in _bootstrap_inner
    self._context.run(self.run)
    ~~~~~~~~~~~~~~~~~^^^^^^^^^^
  File "C:\Users\matth\AppData\Local\Python\pythoncore-3.14-64\Lib\threading.py", line 1024, in run
    self._target(*self._args, **self._kwargs)
    ~~~~~~~~~~~~^^^^^^^^^^^^^^^^^^^^^^^^^^^^^
  File "C:\Users\matth\AppData\Local\Python\pythoncore-3.14-64\Lib\subprocess.py", line 1614, in _readerthread
    buffer.append(fh.read())
                  ~~~~~~~^^
  File "C:\Users\matth\AppData\Local\Python\pythoncore-3.14-64\Lib\encodings\cp1252.py", line 23, in decode
    return codecs.charmap_decode(input,self.errors,decoding_table)[0]
           ~~~~~~~~~~~~~~~~~~~~~^^^^^^^^^^^^^^^^^^^^^^^^^^^^^^^^^^
UnicodeDecodeError: 'charmap' codec can't decode byte 0x8f in position 7: character maps to <undefined>
Exception in thread Thread-47 (_readerthread):
Exception in thread Thread-48 (_readerthread):
Traceback (most recent call last):
  File "C:\Users\matth\AppData\Local\Python\pythoncore-3.14-64\Lib\threading.py", line 1082, in _bootstrap_inner
    self._context.run(self.run)
    ~~~~~~~~~~~~~~~~~^^^^^^^^^^
  File "C:\Users\matth\AppData\Local\Python\pythoncore-3.14-64\Lib\threading.py", line 1024, in run
    self._target(*self._args, **self._kwargs)
    ~~~~~~~~~~~~^^^^^^^^^^^^^^^^^^^^^^^^^^^^^
  File "C:\Users\matth\AppData\Local\Python\pythoncore-3.14-64\Lib\subprocess.py", line 1614, in _readerthread
    buffer.append(fh.read())
                  ~~~~~~~^^
  File "C:\Users\matth\AppData\Local\Python\pythoncore-3.14-64\Lib\encodings\cp1252.py", line 23, in decode
    return codecs.charmap_decode(input,self.errors,decoding_table)[0]
           ~~~~~~~~~~~~~~~~~~~~~^^^^^^^^^^^^^^^^^^^^^^^^^^^^^^^^^^
UnicodeDecodeError: 'charmap' codec can't decode byte 0x8f in position 7: character maps to <undefined>
Traceback (most recent call last):
  File "C:\Users\matth\AppData\Local\Python\pythoncore-3.14-64\Lib\threading.py", line 1082, in _bootstrap_inner
    self._context.run(self.run)
    ~~~~~~~~~~~~~~~~~^^^^^^^^^^
  File "C:\Users\matth\AppData\Local\Python\pythoncore-3.14-64\Lib\threading.py", line 1024, in run
    self._target(*self._args, **self._kwargs)
    ~~~~~~~~~~~~^^^^^^^^^^^^^^^^^^^^^^^^^^^^^
  File "C:\Users\matth\AppData\Local\Python\pythoncore-3.14-64\Lib\subprocess.py", line 1614, in _readerthread
    buffer.append(fh.read())
                  ~~~~~~~^^
  File "C:\Users\matth\AppData\Local\Python\pythoncore-3.14-64\Lib\encodings\cp1252.py", line 23, in decode
    return codecs.charmap_decode(input,self.errors,decoding_table)[0]
           ~~~~~~~~~~~~~~~~~~~~~^^^^^^^^^^^^^^^^^^^^^^^^^^^^^^^^^^
UnicodeDecodeError: 'charmap' codec can't decode byte 0x8f in position 230: character maps to <undefined>
Exception in thread Thread-50 (_readerthread):
Exception in thread Thread-49 (_readerthread):
Traceback (most recent call last):
  File "C:\Users\matth\AppData\Local\Python\pythoncore-3.14-64\Lib\threading.py", line 1082, in _bootstrap_inner
    self._context.run(self.run)
    ~~~~~~~~~~~~~~~~~^^^^^^^^^^
  File "C:\Users\matth\AppData\Local\Python\pythoncore-3.14-64\Lib\threading.py", line 1024, in run
    self._target(*self._args, **self._kwargs)
    ~~~~~~~~~~~~^^^^^^^^^^^^^^^^^^^^^^^^^^^^^
  File "C:\Users\matth\AppData\Local\Python\pythoncore-3.14-64\Lib\subprocess.py", line 1614, in _readerthread
    buffer.append(fh.read())
                  ~~~~~~~^^
  File "C:\Users\matth\AppData\Local\Python\pythoncore-3.14-64\Lib\encodings\cp1252.py", line 23, in decode
    return codecs.charmap_decode(input,self.errors,decoding_table)[0]
           ~~~~~~~~~~~~~~~~~~~~~^^^^^^^^^^^^^^^^^^^^^^^^^^^^^^^^^^
Traceback (most recent call last):
UnicodeDecodeError: 'charmap' codec can't decode byte 0x8f in position 230: character maps to <undefined>
  File "C:\Users\matth\AppData\Local\Python\pythoncore-3.14-64\Lib\threading.py", line 1082, in _bootstrap_inner
    self._context.run(self.run)
    ~~~~~~~~~~~~~~~~~^^^^^^^^^^
  File "C:\Users\matth\AppData\Local\Python\pythoncore-3.14-64\Lib\threading.py", line 1024, in run
    self._target(*self._args, **self._kwargs)
    ~~~~~~~~~~~~^^^^^^^^^^^^^^^^^^^^^^^^^^^^^
  File "C:\Users\matth\AppData\Local\Python\pythoncore-3.14-64\Lib\subprocess.py", line 1614, in _readerthread
    buffer.append(fh.read())
                  ~~~~~~~^^
  File "C:\Users\matth\AppData\Local\Python\pythoncore-3.14-64\Lib\encodings\cp1252.py", line 23, in decode
    return codecs.charmap_decode(input,self.errors,decoding_table)[0]
           ~~~~~~~~~~~~~~~~~~~~~^^^^^^^^^^^^^^^^^^^^^^^^^^^^^^^^^^
UnicodeDecodeError: 'charmap' codec can't decode byte 0x8f in position 7: character maps to <undefined>
   uk-cm-kg 11 / 36
Exception in thread Thread-52 (_readerthread):
Exception in thread Thread-51 (_readerthread):
Traceback (most recent call last):
  File "C:\Users\matth\AppData\Local\Python\pythoncore-3.14-64\Lib\threading.py", line 1082, in _bootstrap_inner
    self._context.run(self.run)
    ~~~~~~~~~~~~~~~~~^^^^^^^^^^
Traceback (most recent call last):
  File "C:\Users\matth\AppData\Local\Python\pythoncore-3.14-64\Lib\threading.py", line 1024, in run
    self._target(*self._args, **self._kwargs)
    ~~~~~~~~~~~~^^^^^^^^^^^^^^^^^^^^^^^^^^^^^
  File "C:\Users\matth\AppData\Local\Python\pythoncore-3.14-64\Lib\threading.py", line 1082, in _bootstrap_inner
    self._context.run(self.run)
    ~~~~~~~~~~~~~~~~~^^^^^^^^^^
  File "C:\Users\matth\AppData\Local\Python\pythoncore-3.14-64\Lib\subprocess.py", line 1614, in _readerthread
    buffer.append(fh.read())
                  ~~~~~~~^^
  File "C:\Users\matth\AppData\Local\Python\pythoncore-3.14-64\Lib\threading.py", line 1024, in run
    self._target(*self._args, **self._kwargs)
    ~~~~~~~~~~~~^^^^^^^^^^^^^^^^^^^^^^^^^^^^^
  File "C:\Users\matth\AppData\Local\Python\pythoncore-3.14-64\Lib\encodings\cp1252.py", line 23, in decode
    return codecs.charmap_decode(input,self.errors,decoding_table)[0]
           ~~~~~~~~~~~~~~~~~~~~~^^^^^^^^^^^^^^^^^^^^^^^^^^^^^^^^^^
  File "C:\Users\matth\AppData\Local\Python\pythoncore-3.14-64\Lib\subprocess.py", line 1614, in _readerthread
    buffer.append(fh.read())
                  ~~~~~~~^^
UnicodeDecodeError: 'charmap' codec can't decode byte 0x8f in position 230: character maps to <undefined>
  File "C:\Users\matth\AppData\Local\Python\pythoncore-3.14-64\Lib\encodings\cp1252.py", line 23, in decode
    return codecs.charmap_decode(input,self.errors,decoding_table)[0]
           ~~~~~~~~~~~~~~~~~~~~~^^^^^^^^^^^^^^^^^^^^^^^^^^^^^^^^^^
UnicodeDecodeError: 'charmap' codec can't decode byte 0x8f in position 7: character maps to <undefined>
Exception in thread Thread-54 (_readerthread):
Exception in thread Thread-53 (_readerthread):
Traceback (most recent call last):
  File "C:\Users\matth\AppData\Local\Python\pythoncore-3.14-64\Lib\threading.py", line 1082, in _bootstrap_inner
    self._context.run(self.run)
    ~~~~~~~~~~~~~~~~~^^^^^^^^^^
  File "C:\Users\matth\AppData\Local\Python\pythoncore-3.14-64\Lib\threading.py", line 1024, in run
    self._target(*self._args, **self._kwargs)
    ~~~~~~~~~~~~^^^^^^^^^^^^^^^^^^^^^^^^^^^^^
Traceback (most recent call last):
  File "C:\Users\matth\AppData\Local\Python\pythoncore-3.14-64\Lib\subprocess.py", line 1614, in _readerthread
    buffer.append(fh.read())
                  ~~~~~~~^^
  File "C:\Users\matth\AppData\Local\Python\pythoncore-3.14-64\Lib\threading.py", line 1082, in _bootstrap_inner
    self._context.run(self.run)
    ~~~~~~~~~~~~~~~~~^^^^^^^^^^
  File "C:\Users\matth\AppData\Local\Python\pythoncore-3.14-64\Lib\encodings\cp1252.py", line 23, in decode
    return codecs.charmap_decode(input,self.errors,decoding_table)[0]
           ~~~~~~~~~~~~~~~~~~~~~^^^^^^^^^^^^^^^^^^^^^^^^^^^^^^^^^^
  File "C:\Users\matth\AppData\Local\Python\pythoncore-3.14-64\Lib\threading.py", line 1024, in run
    self._target(*self._args, **self._kwargs)
    ~~~~~~~~~~~~^^^^^^^^^^^^^^^^^^^^^^^^^^^^^
UnicodeDecodeError: 'charmap' codec can't decode byte 0x8f in position 230: character maps to <undefined>
  File "C:\Users\matth\AppData\Local\Python\pythoncore-3.14-64\Lib\subprocess.py", line 1614, in _readerthread
    buffer.append(fh.read())
                  ~~~~~~~^^
  File "C:\Users\matth\AppData\Local\Python\pythoncore-3.14-64\Lib\encodings\cp1252.py", line 23, in decode
    return codecs.charmap_decode(input,self.errors,decoding_table)[0]
           ~~~~~~~~~~~~~~~~~~~~~^^^^^^^^^^^^^^^^^^^^^^^^^^^^^^^^^^
UnicodeDecodeError: 'charmap' codec can't decode byte 0x8f in position 7: character maps to <undefined>
Exception in thread Thread-56 (_readerthread):
Exception in thread Thread-55 (_readerthread):
Traceback (most recent call last):
  File "C:\Users\matth\AppData\Local\Python\pythoncore-3.14-64\Lib\threading.py", line 1082, in _bootstrap_inner
    self._context.run(self.run)
    ~~~~~~~~~~~~~~~~~^^^^^^^^^^
  File "C:\Users\matth\AppData\Local\Python\pythoncore-3.14-64\Lib\threading.py", line 1024, in run
    self._target(*self._args, **self._kwargs)
    ~~~~~~~~~~~~^^^^^^^^^^^^^^^^^^^^^^^^^^^^^
  File "C:\Users\matth\AppData\Local\Python\pythoncore-3.14-64\Lib\subprocess.py", line 1614, in _readerthread
    buffer.append(fh.read())
                  ~~~~~~~^^
Traceback (most recent call last):
  File "C:\Users\matth\AppData\Local\Python\pythoncore-3.14-64\Lib\encodings\cp1252.py", line 23, in decode
    return codecs.charmap_decode(input,self.errors,decoding_table)[0]
           ~~~~~~~~~~~~~~~~~~~~~^^^^^^^^^^^^^^^^^^^^^^^^^^^^^^^^^^
  File "C:\Users\matth\AppData\Local\Python\pythoncore-3.14-64\Lib\threading.py", line 1082, in _bootstrap_inner
    self._context.run(self.run)
    ~~~~~~~~~~~~~~~~~^^^^^^^^^^
UnicodeDecodeError: 'charmap' codec can't decode byte 0x8f in position 230: character maps to <undefined>
  File "C:\Users\matth\AppData\Local\Python\pythoncore-3.14-64\Lib\threading.py", line 1024, in run
    self._target(*self._args, **self._kwargs)
    ~~~~~~~~~~~~^^^^^^^^^^^^^^^^^^^^^^^^^^^^^
  File "C:\Users\matth\AppData\Local\Python\pythoncore-3.14-64\Lib\subprocess.py", line 1614, in _readerthread
    buffer.append(fh.read())
                  ~~~~~~~^^
  File "C:\Users\matth\AppData\Local\Python\pythoncore-3.14-64\Lib\encodings\cp1252.py", line 23, in decode
    return codecs.charmap_decode(input,self.errors,decoding_table)[0]
           ~~~~~~~~~~~~~~~~~~~~~^^^^^^^^^^^^^^^^^^^^^^^^^^^^^^^^^^
UnicodeDecodeError: 'charmap' codec can't decode byte 0x8f in position 7: character maps to <undefined>
Exception in thread Thread-57 (_readerthread):
Exception in thread Thread-58 (_readerthread):
Traceback (most recent call last):
  File "C:\Users\matth\AppData\Local\Python\pythoncore-3.14-64\Lib\threading.py", line 1082, in _bootstrap_inner
    self._context.run(self.run)
    ~~~~~~~~~~~~~~~~~^^^^^^^^^^
  File "C:\Users\matth\AppData\Local\Python\pythoncore-3.14-64\Lib\threading.py", line 1024, in run
    self._target(*self._args, **self._kwargs)
    ~~~~~~~~~~~~^^^^^^^^^^^^^^^^^^^^^^^^^^^^^
Traceback (most recent call last):
  File "C:\Users\matth\AppData\Local\Python\pythoncore-3.14-64\Lib\subprocess.py", line 1614, in _readerthread
    buffer.append(fh.read())
                  ~~~~~~~^^
  File "C:\Users\matth\AppData\Local\Python\pythoncore-3.14-64\Lib\threading.py", line 1082, in _bootstrap_inner
    self._context.run(self.run)
    ~~~~~~~~~~~~~~~~~^^^^^^^^^^
  File "C:\Users\matth\AppData\Local\Python\pythoncore-3.14-64\Lib\encodings\cp1252.py", line 23, in decode
    return codecs.charmap_decode(input,self.errors,decoding_table)[0]
           ~~~~~~~~~~~~~~~~~~~~~^^^^^^^^^^^^^^^^^^^^^^^^^^^^^^^^^^
  File "C:\Users\matth\AppData\Local\Python\pythoncore-3.14-64\Lib\threading.py", line 1024, in run
    self._target(*self._args, **self._kwargs)
    ~~~~~~~~~~~~^^^^^^^^^^^^^^^^^^^^^^^^^^^^^
UnicodeDecodeError: 'charmap' codec can't decode byte 0x8f in position 230: character maps to <undefined>
  File "C:\Users\matth\AppData\Local\Python\pythoncore-3.14-64\Lib\subprocess.py", line 1614, in _readerthread
    buffer.append(fh.read())
                  ~~~~~~~^^
  File "C:\Users\matth\AppData\Local\Python\pythoncore-3.14-64\Lib\encodings\cp1252.py", line 23, in decode
    return codecs.charmap_decode(input,self.errors,decoding_table)[0]
           ~~~~~~~~~~~~~~~~~~~~~^^^^^^^^^^^^^^^^^^^^^^^^^^^^^^^^^^
UnicodeDecodeError: 'charmap' codec can't decode byte 0x8f in position 7: character maps to <undefined>
Exception in thread Thread-59 (_readerthread):
Exception in thread Thread-60 (_readerthread):
Traceback (most recent call last):
  File "C:\Users\matth\AppData\Local\Python\pythoncore-3.14-64\Lib\threading.py", line 1082, in _bootstrap_inner
    self._context.run(self.run)
    ~~~~~~~~~~~~~~~~~^^^^^^^^^^
  File "C:\Users\matth\AppData\Local\Python\pythoncore-3.14-64\Lib\threading.py", line 1024, in run
    self._target(*self._args, **self._kwargs)
    ~~~~~~~~~~~~^^^^^^^^^^^^^^^^^^^^^^^^^^^^^
  File "C:\Users\matth\AppData\Local\Python\pythoncore-3.14-64\Lib\subprocess.py", line 1614, in _readerthread
    buffer.append(fh.read())
                  ~~~~~~~^^
  File "C:\Users\matth\AppData\Local\Python\pythoncore-3.14-64\Lib\encodings\cp1252.py", line 23, in decode
    return codecs.charmap_decode(input,self.errors,decoding_table)[0]
           ~~~~~~~~~~~~~~~~~~~~~^^^^^^^^^^^^^^^^^^^^^^^^^^^^^^^^^^
Traceback (most recent call last):
UnicodeDecodeError: 'charmap' codec can't decode byte 0x8f in position 230: character maps to <undefined>
  File "C:\Users\matth\AppData\Local\Python\pythoncore-3.14-64\Lib\threading.py", line 1082, in _bootstrap_inner
    self._context.run(self.run)
    ~~~~~~~~~~~~~~~~~^^^^^^^^^^
  File "C:\Users\matth\AppData\Local\Python\pythoncore-3.14-64\Lib\threading.py", line 1024, in run
    self._target(*self._args, **self._kwargs)
    ~~~~~~~~~~~~^^^^^^^^^^^^^^^^^^^^^^^^^^^^^
  File "C:\Users\matth\AppData\Local\Python\pythoncore-3.14-64\Lib\subprocess.py", line 1614, in _readerthread
    buffer.append(fh.read())
                  ~~~~~~~^^
  File "C:\Users\matth\AppData\Local\Python\pythoncore-3.14-64\Lib\encodings\cp1252.py", line 23, in decode
    return codecs.charmap_decode(input,self.errors,decoding_table)[0]
           ~~~~~~~~~~~~~~~~~~~~~^^^^^^^^^^^^^^^^^^^^^^^^^^^^^^^^^^
UnicodeDecodeError: 'charmap' codec can't decode byte 0x8f in position 7: character maps to <undefined>
   uk-cm-kg 16 / 36
Exception in thread Thread-61 (_readerthread):
Exception in thread Thread-62 (_readerthread):
Traceback (most recent call last):
  File "C:\Users\matth\AppData\Local\Python\pythoncore-3.14-64\Lib\threading.py", line 1082, in _bootstrap_inner
    self._context.run(self.run)
    ~~~~~~~~~~~~~~~~~^^^^^^^^^^
Traceback (most recent call last):
  File "C:\Users\matth\AppData\Local\Python\pythoncore-3.14-64\Lib\threading.py", line 1024, in run
    self._target(*self._args, **self._kwargs)
    ~~~~~~~~~~~~^^^^^^^^^^^^^^^^^^^^^^^^^^^^^
  File "C:\Users\matth\AppData\Local\Python\pythoncore-3.14-64\Lib\subprocess.py", line 1614, in _readerthread
    buffer.append(fh.read())
                  ~~~~~~~^^
  File "C:\Users\matth\AppData\Local\Python\pythoncore-3.14-64\Lib\threading.py", line 1082, in _bootstrap_inner
    self._context.run(self.run)
    ~~~~~~~~~~~~~~~~~^^^^^^^^^^
  File "C:\Users\matth\AppData\Local\Python\pythoncore-3.14-64\Lib\encodings\cp1252.py", line 23, in decode
    return codecs.charmap_decode(input,self.errors,decoding_table)[0]
           ~~~~~~~~~~~~~~~~~~~~~^^^^^^^^^^^^^^^^^^^^^^^^^^^^^^^^^^
UnicodeDecodeError: 'charmap' codec can't decode byte 0x8f in position 7: character maps to <undefined>
  File "C:\Users\matth\AppData\Local\Python\pythoncore-3.14-64\Lib\threading.py", line 1024, in run
    self._target(*self._args, **self._kwargs)
    ~~~~~~~~~~~~^^^^^^^^^^^^^^^^^^^^^^^^^^^^^
  File "C:\Users\matth\AppData\Local\Python\pythoncore-3.14-64\Lib\subprocess.py", line 1614, in _readerthread
    buffer.append(fh.read())
                  ~~~~~~~^^
  File "C:\Users\matth\AppData\Local\Python\pythoncore-3.14-64\Lib\encodings\cp1252.py", line 23, in decode
    return codecs.charmap_decode(input,self.errors,decoding_table)[0]
           ~~~~~~~~~~~~~~~~~~~~~^^^^^^^^^^^^^^^^^^^^^^^^^^^^^^^^^^
UnicodeDecodeError: 'charmap' codec can't decode byte 0x8f in position 230: character maps to <undefined>
Exception in thread Thread-63 (_readerthread):
Exception in thread Thread-64 (_readerthread):
Traceback (most recent call last):
  File "C:\Users\matth\AppData\Local\Python\pythoncore-3.14-64\Lib\threading.py", line 1082, in _bootstrap_inner
    self._context.run(self.run)
    ~~~~~~~~~~~~~~~~~^^^^^^^^^^
Traceback (most recent call last):
  File "C:\Users\matth\AppData\Local\Python\pythoncore-3.14-64\Lib\threading.py", line 1024, in run
    self._target(*self._args, **self._kwargs)
    ~~~~~~~~~~~~^^^^^^^^^^^^^^^^^^^^^^^^^^^^^
  File "C:\Users\matth\AppData\Local\Python\pythoncore-3.14-64\Lib\threading.py", line 1082, in _bootstrap_inner
    self._context.run(self.run)
    ~~~~~~~~~~~~~~~~~^^^^^^^^^^
  File "C:\Users\matth\AppData\Local\Python\pythoncore-3.14-64\Lib\subprocess.py", line 1614, in _readerthread
    buffer.append(fh.read())
                  ~~~~~~~^^
  File "C:\Users\matth\AppData\Local\Python\pythoncore-3.14-64\Lib\threading.py", line 1024, in run
    self._target(*self._args, **self._kwargs)
    ~~~~~~~~~~~~^^^^^^^^^^^^^^^^^^^^^^^^^^^^^
  File "C:\Users\matth\AppData\Local\Python\pythoncore-3.14-64\Lib\subprocess.py", line 1614, in _readerthread
    buffer.append(fh.read())
                  ~~~~~~~^^
  File "C:\Users\matth\AppData\Local\Python\pythoncore-3.14-64\Lib\encodings\cp1252.py", line 23, in decode
    return codecs.charmap_decode(input,self.errors,decoding_table)[0]
           ~~~~~~~~~~~~~~~~~~~~~^^^^^^^^^^^^^^^^^^^^^^^^^^^^^^^^^^
  File "C:\Users\matth\AppData\Local\Python\pythoncore-3.14-64\Lib\encodings\cp1252.py", line 23, in decode
    return codecs.charmap_decode(input,self.errors,decoding_table)[0]
           ~~~~~~~~~~~~~~~~~~~~~^^^^^^^^^^^^^^^^^^^^^^^^^^^^^^^^^^
UnicodeDecodeError: 'charmap' codec can't decode byte 0x8f in position 230: character maps to <undefined>
UnicodeDecodeError: 'charmap' codec can't decode byte 0x8f in position 7: character maps to <undefined>
Exception in thread Thread-66 (_readerthread):
Exception in thread Thread-65 (_readerthread):
Traceback (most recent call last):
Traceback (most recent call last):
  File "C:\Users\matth\AppData\Local\Python\pythoncore-3.14-64\Lib\threading.py", line 1082, in _bootstrap_inner
    self._context.run(self.run)
    ~~~~~~~~~~~~~~~~~^^^^^^^^^^
  File "C:\Users\matth\AppData\Local\Python\pythoncore-3.14-64\Lib\threading.py", line 1082, in _bootstrap_inner
    self._context.run(self.run)
    ~~~~~~~~~~~~~~~~~^^^^^^^^^^
  File "C:\Users\matth\AppData\Local\Python\pythoncore-3.14-64\Lib\threading.py", line 1024, in run
    self._target(*self._args, **self._kwargs)
    ~~~~~~~~~~~~^^^^^^^^^^^^^^^^^^^^^^^^^^^^^
  File "C:\Users\matth\AppData\Local\Python\pythoncore-3.14-64\Lib\threading.py", line 1024, in run
    self._target(*self._args, **self._kwargs)
    ~~~~~~~~~~~~^^^^^^^^^^^^^^^^^^^^^^^^^^^^^
  File "C:\Users\matth\AppData\Local\Python\pythoncore-3.14-64\Lib\subprocess.py", line 1614, in _readerthread
    buffer.append(fh.read())
                  ~~~~~~~^^
  File "C:\Users\matth\AppData\Local\Python\pythoncore-3.14-64\Lib\subprocess.py", line 1614, in _readerthread
    buffer.append(fh.read())
                  ~~~~~~~^^
  File "C:\Users\matth\AppData\Local\Python\pythoncore-3.14-64\Lib\encodings\cp1252.py", line 23, in decode
    return codecs.charmap_decode(input,self.errors,decoding_table)[0]
           ~~~~~~~~~~~~~~~~~~~~~^^^^^^^^^^^^^^^^^^^^^^^^^^^^^^^^^^
  File "C:\Users\matth\AppData\Local\Python\pythoncore-3.14-64\Lib\encodings\cp1252.py", line 23, in decode
    return codecs.charmap_decode(input,self.errors,decoding_table)[0]
           ~~~~~~~~~~~~~~~~~~~~~^^^^^^^^^^^^^^^^^^^^^^^^^^^^^^^^^^
UnicodeDecodeError: 'charmap' codec can't decode byte 0x8f in position 230: character maps to <undefined>
UnicodeDecodeError: 'charmap' codec can't decode byte 0x8f in position 7: character maps to <undefined>
Exception in thread Thread-68 (_readerthread):
Exception in thread Thread-67 (_readerthread):
Traceback (most recent call last):
  File "C:\Users\matth\AppData\Local\Python\pythoncore-3.14-64\Lib\threading.py", line 1082, in _bootstrap_inner
    self._context.run(self.run)
    ~~~~~~~~~~~~~~~~~^^^^^^^^^^
  File "C:\Users\matth\AppData\Local\Python\pythoncore-3.14-64\Lib\threading.py", line 1024, in run
    self._target(*self._args, **self._kwargs)
    ~~~~~~~~~~~~^^^^^^^^^^^^^^^^^^^^^^^^^^^^^
  File "C:\Users\matth\AppData\Local\Python\pythoncore-3.14-64\Lib\subprocess.py", line 1614, in _readerthread
    buffer.append(fh.read())
                  ~~~~~~~^^
Traceback (most recent call last):
  File "C:\Users\matth\AppData\Local\Python\pythoncore-3.14-64\Lib\encodings\cp1252.py", line 23, in decode
    return codecs.charmap_decode(input,self.errors,decoding_table)[0]
           ~~~~~~~~~~~~~~~~~~~~~^^^^^^^^^^^^^^^^^^^^^^^^^^^^^^^^^^
  File "C:\Users\matth\AppData\Local\Python\pythoncore-3.14-64\Lib\threading.py", line 1082, in _bootstrap_inner
    self._context.run(self.run)
    ~~~~~~~~~~~~~~~~~^^^^^^^^^^
UnicodeDecodeError: 'charmap' codec can't decode byte 0x8f in position 7: character maps to <undefined>
  File "C:\Users\matth\AppData\Local\Python\pythoncore-3.14-64\Lib\threading.py", line 1024, in run
    self._target(*self._args, **self._kwargs)
    ~~~~~~~~~~~~^^^^^^^^^^^^^^^^^^^^^^^^^^^^^
  File "C:\Users\matth\AppData\Local\Python\pythoncore-3.14-64\Lib\subprocess.py", line 1614, in _readerthread
    buffer.append(fh.read())
                  ~~~~~~~^^
  File "C:\Users\matth\AppData\Local\Python\pythoncore-3.14-64\Lib\encodings\cp1252.py", line 23, in decode
    return codecs.charmap_decode(input,self.errors,decoding_table)[0]
           ~~~~~~~~~~~~~~~~~~~~~^^^^^^^^^^^^^^^^^^^^^^^^^^^^^^^^^^
UnicodeDecodeError: 'charmap' codec can't decode byte 0x8f in position 230: character maps to <undefined>
Exception in thread Thread-70 (_readerthread):
Exception in thread Thread-69 (_readerthread):
Traceback (most recent call last):
  File "C:\Users\matth\AppData\Local\Python\pythoncore-3.14-64\Lib\threading.py", line 1082, in _bootstrap_inner
    self._context.run(self.run)
    ~~~~~~~~~~~~~~~~~^^^^^^^^^^
  File "C:\Users\matth\AppData\Local\Python\pythoncore-3.14-64\Lib\threading.py", line 1024, in run
    self._target(*self._args, **self._kwargs)
    ~~~~~~~~~~~~^^^^^^^^^^^^^^^^^^^^^^^^^^^^^
  File "C:\Users\matth\AppData\Local\Python\pythoncore-3.14-64\Lib\subprocess.py", line 1614, in _readerthread
    buffer.append(fh.read())
                  ~~~~~~~^^
Traceback (most recent call last):
  File "C:\Users\matth\AppData\Local\Python\pythoncore-3.14-64\Lib\encodings\cp1252.py", line 23, in decode
    return codecs.charmap_decode(input,self.errors,decoding_table)[0]
           ~~~~~~~~~~~~~~~~~~~~~^^^^^^^^^^^^^^^^^^^^^^^^^^^^^^^^^^
UnicodeDecodeError: 'charmap' codec can't decode byte 0x8f in position 230: character maps to <undefined>
  File "C:\Users\matth\AppData\Local\Python\pythoncore-3.14-64\Lib\threading.py", line 1082, in _bootstrap_inner
    self._context.run(self.run)
    ~~~~~~~~~~~~~~~~~^^^^^^^^^^
  File "C:\Users\matth\AppData\Local\Python\pythoncore-3.14-64\Lib\threading.py", line 1024, in run
    self._target(*self._args, **self._kwargs)
    ~~~~~~~~~~~~^^^^^^^^^^^^^^^^^^^^^^^^^^^^^
  File "C:\Users\matth\AppData\Local\Python\pythoncore-3.14-64\Lib\subprocess.py", line 1614, in _readerthread
    buffer.append(fh.read())
                  ~~~~~~~^^
  File "C:\Users\matth\AppData\Local\Python\pythoncore-3.14-64\Lib\encodings\cp1252.py", line 23, in decode
    return codecs.charmap_decode(input,self.errors,decoding_table)[0]
           ~~~~~~~~~~~~~~~~~~~~~^^^^^^^^^^^^^^^^^^^^^^^^^^^^^^^^^^
UnicodeDecodeError: 'charmap' codec can't decode byte 0x8f in position 7: character maps to <undefined>
   uk-cm-kg 21 / 36
Exception in thread Thread-71 (_readerthread):
Exception in thread Thread-72 (_readerthread):
Traceback (most recent call last):
Traceback (most recent call last):
  File "C:\Users\matth\AppData\Local\Python\pythoncore-3.14-64\Lib\threading.py", line 1082, in _bootstrap_inner
    self._context.run(self.run)
    ~~~~~~~~~~~~~~~~~^^^^^^^^^^
  File "C:\Users\matth\AppData\Local\Python\pythoncore-3.14-64\Lib\threading.py", line 1024, in run
    self._target(*self._args, **self._kwargs)
    ~~~~~~~~~~~~^^^^^^^^^^^^^^^^^^^^^^^^^^^^^
  File "C:\Users\matth\AppData\Local\Python\pythoncore-3.14-64\Lib\subprocess.py", line 1614, in _readerthread
    buffer.append(fh.read())
                  ~~~~~~~^^
  File "C:\Users\matth\AppData\Local\Python\pythoncore-3.14-64\Lib\threading.py", line 1082, in _bootstrap_inner
    self._context.run(self.run)
    ~~~~~~~~~~~~~~~~~^^^^^^^^^^
  File "C:\Users\matth\AppData\Local\Python\pythoncore-3.14-64\Lib\encodings\cp1252.py", line 23, in decode
    return codecs.charmap_decode(input,self.errors,decoding_table)[0]
           ~~~~~~~~~~~~~~~~~~~~~^^^^^^^^^^^^^^^^^^^^^^^^^^^^^^^^^^
UnicodeDecodeError: 'charmap' codec can't decode byte 0x8f in position 230: character maps to <undefined>
  File "C:\Users\matth\AppData\Local\Python\pythoncore-3.14-64\Lib\threading.py", line 1024, in run
    self._target(*self._args, **self._kwargs)
    ~~~~~~~~~~~~^^^^^^^^^^^^^^^^^^^^^^^^^^^^^
  File "C:\Users\matth\AppData\Local\Python\pythoncore-3.14-64\Lib\subprocess.py", line 1614, in _readerthread
    buffer.append(fh.read())
                  ~~~~~~~^^
  File "C:\Users\matth\AppData\Local\Python\pythoncore-3.14-64\Lib\encodings\cp1252.py", line 23, in decode
    return codecs.charmap_decode(input,self.errors,decoding_table)[0]
           ~~~~~~~~~~~~~~~~~~~~~^^^^^^^^^^^^^^^^^^^^^^^^^^^^^^^^^^
UnicodeDecodeError: 'charmap' codec can't decode byte 0x8f in position 7: character maps to <undefined>
Exception in thread Thread-73 (_readerthread):
Exception in thread Thread-74 (_readerthread):
Traceback (most recent call last):
  File "C:\Users\matth\AppData\Local\Python\pythoncore-3.14-64\Lib\threading.py", line 1082, in _bootstrap_inner
    self._context.run(self.run)
    ~~~~~~~~~~~~~~~~~^^^^^^^^^^
  File "C:\Users\matth\AppData\Local\Python\pythoncore-3.14-64\Lib\threading.py", line 1024, in run
    self._target(*self._args, **self._kwargs)
    ~~~~~~~~~~~~^^^^^^^^^^^^^^^^^^^^^^^^^^^^^
Traceback (most recent call last):
  File "C:\Users\matth\AppData\Local\Python\pythoncore-3.14-64\Lib\subprocess.py", line 1614, in _readerthread
    buffer.append(fh.read())
                  ~~~~~~~^^
  File "C:\Users\matth\AppData\Local\Python\pythoncore-3.14-64\Lib\encodings\cp1252.py", line 23, in decode
    return codecs.charmap_decode(input,self.errors,decoding_table)[0]
           ~~~~~~~~~~~~~~~~~~~~~^^^^^^^^^^^^^^^^^^^^^^^^^^^^^^^^^^
UnicodeDecodeError: 'charmap' codec can't decode byte 0x8f in position 7: character maps to <undefined>
  File "C:\Users\matth\AppData\Local\Python\pythoncore-3.14-64\Lib\threading.py", line 1082, in _bootstrap_inner
    self._context.run(self.run)
    ~~~~~~~~~~~~~~~~~^^^^^^^^^^
  File "C:\Users\matth\AppData\Local\Python\pythoncore-3.14-64\Lib\threading.py", line 1024, in run
    self._target(*self._args, **self._kwargs)
    ~~~~~~~~~~~~^^^^^^^^^^^^^^^^^^^^^^^^^^^^^
  File "C:\Users\matth\AppData\Local\Python\pythoncore-3.14-64\Lib\subprocess.py", line 1614, in _readerthread
    buffer.append(fh.read())
                  ~~~~~~~^^
  File "C:\Users\matth\AppData\Local\Python\pythoncore-3.14-64\Lib\encodings\cp1252.py", line 23, in decode
    return codecs.charmap_decode(input,self.errors,decoding_table)[0]
           ~~~~~~~~~~~~~~~~~~~~~^^^^^^^^^^^^^^^^^^^^^^^^^^^^^^^^^^
UnicodeDecodeError: 'charmap' codec can't decode byte 0x8f in position 230: character maps to <undefined>
Exception in thread Thread-76 (_readerthread):
Exception in thread Thread-75 (_readerthread):
Traceback (most recent call last):
Traceback (most recent call last):
  File "C:\Users\matth\AppData\Local\Python\pythoncore-3.14-64\Lib\threading.py", line 1082, in _bootstrap_inner
    self._context.run(self.run)
    ~~~~~~~~~~~~~~~~~^^^^^^^^^^
  File "C:\Users\matth\AppData\Local\Python\pythoncore-3.14-64\Lib\threading.py", line 1082, in _bootstrap_inner
    self._context.run(self.run)
    ~~~~~~~~~~~~~~~~~^^^^^^^^^^
  File "C:\Users\matth\AppData\Local\Python\pythoncore-3.14-64\Lib\threading.py", line 1024, in run
    self._target(*self._args, **self._kwargs)
    ~~~~~~~~~~~~^^^^^^^^^^^^^^^^^^^^^^^^^^^^^
  File "C:\Users\matth\AppData\Local\Python\pythoncore-3.14-64\Lib\threading.py", line 1024, in run
    self._target(*self._args, **self._kwargs)
    ~~~~~~~~~~~~^^^^^^^^^^^^^^^^^^^^^^^^^^^^^
  File "C:\Users\matth\AppData\Local\Python\pythoncore-3.14-64\Lib\subprocess.py", line 1614, in _readerthread
    buffer.append(fh.read())
                  ~~~~~~~^^
  File "C:\Users\matth\AppData\Local\Python\pythoncore-3.14-64\Lib\subprocess.py", line 1614, in _readerthread
    buffer.append(fh.read())
                  ~~~~~~~^^
  File "C:\Users\matth\AppData\Local\Python\pythoncore-3.14-64\Lib\encodings\cp1252.py", line 23, in decode
    return codecs.charmap_decode(input,self.errors,decoding_table)[0]
           ~~~~~~~~~~~~~~~~~~~~~^^^^^^^^^^^^^^^^^^^^^^^^^^^^^^^^^^
UnicodeDecodeError: 'charmap' codec can't decode byte 0x8f in position 7: character maps to <undefined>
  File "C:\Users\matth\AppData\Local\Python\pythoncore-3.14-64\Lib\encodings\cp1252.py", line 23, in decode
    return codecs.charmap_decode(input,self.errors,decoding_table)[0]
           ~~~~~~~~~~~~~~~~~~~~~^^^^^^^^^^^^^^^^^^^^^^^^^^^^^^^^^^
UnicodeDecodeError: 'charmap' codec can't decode byte 0x8f in position 230: character maps to <undefined>
Exception in thread Thread-78 (_readerthread):
Exception in thread Thread-77 (_readerthread):
Traceback (most recent call last):
  File "C:\Users\matth\AppData\Local\Python\pythoncore-3.14-64\Lib\threading.py", line 1082, in _bootstrap_inner
    self._context.run(self.run)
    ~~~~~~~~~~~~~~~~~^^^^^^^^^^
  File "C:\Users\matth\AppData\Local\Python\pythoncore-3.14-64\Lib\threading.py", line 1024, in run
    self._target(*self._args, **self._kwargs)
    ~~~~~~~~~~~~^^^^^^^^^^^^^^^^^^^^^^^^^^^^^
  File "C:\Users\matth\AppData\Local\Python\pythoncore-3.14-64\Lib\subprocess.py", line 1614, in _readerthread
    buffer.append(fh.read())
                  ~~~~~~~^^
  File "C:\Users\matth\AppData\Local\Python\pythoncore-3.14-64\Lib\encodings\cp1252.py", line 23, in decode
    return codecs.charmap_decode(input,self.errors,decoding_table)[0]
           ~~~~~~~~~~~~~~~~~~~~~^^^^^^^^^^^^^^^^^^^^^^^^^^^^^^^^^^
UnicodeDecodeError: 'charmap' codec can't decode byte 0x8f in position 7: character maps to <undefined>
Traceback (most recent call last):
  File "C:\Users\matth\AppData\Local\Python\pythoncore-3.14-64\Lib\threading.py", line 1082, in _bootstrap_inner
    self._context.run(self.run)
    ~~~~~~~~~~~~~~~~~^^^^^^^^^^
  File "C:\Users\matth\AppData\Local\Python\pythoncore-3.14-64\Lib\threading.py", line 1024, in run
    self._target(*self._args, **self._kwargs)
    ~~~~~~~~~~~~^^^^^^^^^^^^^^^^^^^^^^^^^^^^^
  File "C:\Users\matth\AppData\Local\Python\pythoncore-3.14-64\Lib\subprocess.py", line 1614, in _readerthread
    buffer.append(fh.read())
                  ~~~~~~~^^
  File "C:\Users\matth\AppData\Local\Python\pythoncore-3.14-64\Lib\encodings\cp1252.py", line 23, in decode
    return codecs.charmap_decode(input,self.errors,decoding_table)[0]
           ~~~~~~~~~~~~~~~~~~~~~^^^^^^^^^^^^^^^^^^^^^^^^^^^^^^^^^^
UnicodeDecodeError: 'charmap' codec can't decode byte 0x8f in position 230: character maps to <undefined>
Exception in thread Thread-79 (_readerthread):
Exception in thread Thread-80 (_readerthread):
Traceback (most recent call last):
Traceback (most recent call last):
  File "C:\Users\matth\AppData\Local\Python\pythoncore-3.14-64\Lib\threading.py", line 1082, in _bootstrap_inner
    self._context.run(self.run)
    ~~~~~~~~~~~~~~~~~^^^^^^^^^^
  File "C:\Users\matth\AppData\Local\Python\pythoncore-3.14-64\Lib\threading.py", line 1082, in _bootstrap_inner
    self._context.run(self.run)
    ~~~~~~~~~~~~~~~~~^^^^^^^^^^
  File "C:\Users\matth\AppData\Local\Python\pythoncore-3.14-64\Lib\threading.py", line 1024, in run
    self._target(*self._args, **self._kwargs)
    ~~~~~~~~~~~~^^^^^^^^^^^^^^^^^^^^^^^^^^^^^
  File "C:\Users\matth\AppData\Local\Python\pythoncore-3.14-64\Lib\threading.py", line 1024, in run
    self._target(*self._args, **self._kwargs)
    ~~~~~~~~~~~~^^^^^^^^^^^^^^^^^^^^^^^^^^^^^
  File "C:\Users\matth\AppData\Local\Python\pythoncore-3.14-64\Lib\subprocess.py", line 1614, in _readerthread
    buffer.append(fh.read())
                  ~~~~~~~^^
  File "C:\Users\matth\AppData\Local\Python\pythoncore-3.14-64\Lib\subprocess.py", line 1614, in _readerthread
    buffer.append(fh.read())
                  ~~~~~~~^^
  File "C:\Users\matth\AppData\Local\Python\pythoncore-3.14-64\Lib\encodings\cp1252.py", line 23, in decode
    return codecs.charmap_decode(input,self.errors,decoding_table)[0]
           ~~~~~~~~~~~~~~~~~~~~~^^^^^^^^^^^^^^^^^^^^^^^^^^^^^^^^^^
  File "C:\Users\matth\AppData\Local\Python\pythoncore-3.14-64\Lib\encodings\cp1252.py", line 23, in decode
    return codecs.charmap_decode(input,self.errors,decoding_table)[0]
           ~~~~~~~~~~~~~~~~~~~~~^^^^^^^^^^^^^^^^^^^^^^^^^^^^^^^^^^
UnicodeDecodeError: 'charmap' codec can't decode byte 0x8f in position 230: character maps to <undefined>
UnicodeDecodeError: 'charmap' codec can't decode byte 0x8f in position 7: character maps to <undefined>
   uk-cm-kg 26 / 36
Exception in thread Thread-82 (_readerthread):
Exception in thread Thread-81 (_readerthread):
Traceback (most recent call last):
  File "C:\Users\matth\AppData\Local\Python\pythoncore-3.14-64\Lib\threading.py", line 1082, in _bootstrap_inner
    self._context.run(self.run)
    ~~~~~~~~~~~~~~~~~^^^^^^^^^^
  File "C:\Users\matth\AppData\Local\Python\pythoncore-3.14-64\Lib\threading.py", line 1024, in run
    self._target(*self._args, **self._kwargs)
    ~~~~~~~~~~~~^^^^^^^^^^^^^^^^^^^^^^^^^^^^^
  File "C:\Users\matth\AppData\Local\Python\pythoncore-3.14-64\Lib\subprocess.py", line 1614, in _readerthread
    buffer.append(fh.read())
                  ~~~~~~~^^
  File "C:\Users\matth\AppData\Local\Python\pythoncore-3.14-64\Lib\encodings\cp1252.py", line 23, in decode
    return codecs.charmap_decode(input,self.errors,decoding_table)[0]
           ~~~~~~~~~~~~~~~~~~~~~^^^^^^^^^^^^^^^^^^^^^^^^^^^^^^^^^^
UnicodeDecodeError: 'charmap' codec can't decode byte 0x8f in position 230: character maps to <undefined>
Traceback (most recent call last):
  File "C:\Users\matth\AppData\Local\Python\pythoncore-3.14-64\Lib\threading.py", line 1082, in _bootstrap_inner
    self._context.run(self.run)
    ~~~~~~~~~~~~~~~~~^^^^^^^^^^
  File "C:\Users\matth\AppData\Local\Python\pythoncore-3.14-64\Lib\threading.py", line 1024, in run
    self._target(*self._args, **self._kwargs)
    ~~~~~~~~~~~~^^^^^^^^^^^^^^^^^^^^^^^^^^^^^
  File "C:\Users\matth\AppData\Local\Python\pythoncore-3.14-64\Lib\subprocess.py", line 1614, in _readerthread
    buffer.append(fh.read())
                  ~~~~~~~^^
  File "C:\Users\matth\AppData\Local\Python\pythoncore-3.14-64\Lib\encodings\cp1252.py", line 23, in decode
    return codecs.charmap_decode(input,self.errors,decoding_table)[0]
           ~~~~~~~~~~~~~~~~~~~~~^^^^^^^^^^^^^^^^^^^^^^^^^^^^^^^^^^
UnicodeDecodeError: 'charmap' codec can't decode byte 0x8f in position 7: character maps to <undefined>
Exception in thread Thread-84 (_readerthread):
Exception in thread Thread-83 (_readerthread):
Traceback (most recent call last):
Traceback (most recent call last):
  File "C:\Users\matth\AppData\Local\Python\pythoncore-3.14-64\Lib\threading.py", line 1082, in _bootstrap_inner
    self._context.run(self.run)
    ~~~~~~~~~~~~~~~~~^^^^^^^^^^
  File "C:\Users\matth\AppData\Local\Python\pythoncore-3.14-64\Lib\threading.py", line 1082, in _bootstrap_inner
    self._context.run(self.run)
    ~~~~~~~~~~~~~~~~~^^^^^^^^^^
  File "C:\Users\matth\AppData\Local\Python\pythoncore-3.14-64\Lib\threading.py", line 1024, in run
    self._target(*self._args, **self._kwargs)
    ~~~~~~~~~~~~^^^^^^^^^^^^^^^^^^^^^^^^^^^^^
  File "C:\Users\matth\AppData\Local\Python\pythoncore-3.14-64\Lib\threading.py", line 1024, in run
    self._target(*self._args, **self._kwargs)
    ~~~~~~~~~~~~^^^^^^^^^^^^^^^^^^^^^^^^^^^^^
  File "C:\Users\matth\AppData\Local\Python\pythoncore-3.14-64\Lib\subprocess.py", line 1614, in _readerthread
    buffer.append(fh.read())
                  ~~~~~~~^^
  File "C:\Users\matth\AppData\Local\Python\pythoncore-3.14-64\Lib\encodings\cp1252.py", line 23, in decode
    return codecs.charmap_decode(input,self.errors,decoding_table)[0]
           ~~~~~~~~~~~~~~~~~~~~~^^^^^^^^^^^^^^^^^^^^^^^^^^^^^^^^^^
  File "C:\Users\matth\AppData\Local\Python\pythoncore-3.14-64\Lib\subprocess.py", line 1614, in _readerthread
    buffer.append(fh.read())
                  ~~~~~~~^^
UnicodeDecodeError: 'charmap' codec can't decode byte 0x8f in position 7: character maps to <undefined>
  File "C:\Users\matth\AppData\Local\Python\pythoncore-3.14-64\Lib\encodings\cp1252.py", line 23, in decode
    return codecs.charmap_decode(input,self.errors,decoding_table)[0]
           ~~~~~~~~~~~~~~~~~~~~~^^^^^^^^^^^^^^^^^^^^^^^^^^^^^^^^^^
UnicodeDecodeError: 'charmap' codec can't decode byte 0x8f in position 230: character maps to <undefined>
Exception in thread Thread-86 (_readerthread):
Exception in thread Thread-85 (_readerthread):
Traceback (most recent call last):
  File "C:\Users\matth\AppData\Local\Python\pythoncore-3.14-64\Lib\threading.py", line 1082, in _bootstrap_inner
    self._context.run(self.run)
    ~~~~~~~~~~~~~~~~~^^^^^^^^^^
  File "C:\Users\matth\AppData\Local\Python\pythoncore-3.14-64\Lib\threading.py", line 1024, in run
    self._target(*self._args, **self._kwargs)
    ~~~~~~~~~~~~^^^^^^^^^^^^^^^^^^^^^^^^^^^^^
  File "C:\Users\matth\AppData\Local\Python\pythoncore-3.14-64\Lib\subprocess.py", line 1614, in _readerthread
    buffer.append(fh.read())
                  ~~~~~~~^^
  File "C:\Users\matth\AppData\Local\Python\pythoncore-3.14-64\Lib\encodings\cp1252.py", line 23, in decode
    return codecs.charmap_decode(input,self.errors,decoding_table)[0]
           ~~~~~~~~~~~~~~~~~~~~~^^^^^^^^^^^^^^^^^^^^^^^^^^^^^^^^^^
UnicodeDecodeError: 'charmap' codec can't decode byte 0x8f in position 230: character maps to <undefined>
Traceback (most recent call last):
  File "C:\Users\matth\AppData\Local\Python\pythoncore-3.14-64\Lib\threading.py", line 1082, in _bootstrap_inner
    self._context.run(self.run)
    ~~~~~~~~~~~~~~~~~^^^^^^^^^^
  File "C:\Users\matth\AppData\Local\Python\pythoncore-3.14-64\Lib\threading.py", line 1024, in run
    self._target(*self._args, **self._kwargs)
    ~~~~~~~~~~~~^^^^^^^^^^^^^^^^^^^^^^^^^^^^^
  File "C:\Users\matth\AppData\Local\Python\pythoncore-3.14-64\Lib\subprocess.py", line 1614, in _readerthread
    buffer.append(fh.read())
                  ~~~~~~~^^
  File "C:\Users\matth\AppData\Local\Python\pythoncore-3.14-64\Lib\encodings\cp1252.py", line 23, in decode
    return codecs.charmap_decode(input,self.errors,decoding_table)[0]
           ~~~~~~~~~~~~~~~~~~~~~^^^^^^^^^^^^^^^^^^^^^^^^^^^^^^^^^^
UnicodeDecodeError: 'charmap' codec can't decode byte 0x8f in position 7: character maps to <undefined>
Exception in thread Thread-88 (_readerthread):
Exception in thread Thread-87 (_readerthread):
Traceback (most recent call last):
  File "C:\Users\matth\AppData\Local\Python\pythoncore-3.14-64\Lib\threading.py", line 1082, in _bootstrap_inner
    self._context.run(self.run)
    ~~~~~~~~~~~~~~~~~^^^^^^^^^^
  File "C:\Users\matth\AppData\Local\Python\pythoncore-3.14-64\Lib\threading.py", line 1024, in run
    self._target(*self._args, **self._kwargs)
    ~~~~~~~~~~~~^^^^^^^^^^^^^^^^^^^^^^^^^^^^^
Traceback (most recent call last):
  File "C:\Users\matth\AppData\Local\Python\pythoncore-3.14-64\Lib\subprocess.py", line 1614, in _readerthread
    buffer.append(fh.read())
                  ~~~~~~~^^
  File "C:\Users\matth\AppData\Local\Python\pythoncore-3.14-64\Lib\threading.py", line 1082, in _bootstrap_inner
    self._context.run(self.run)
    ~~~~~~~~~~~~~~~~~^^^^^^^^^^
  File "C:\Users\matth\AppData\Local\Python\pythoncore-3.14-64\Lib\encodings\cp1252.py", line 23, in decode
    return codecs.charmap_decode(input,self.errors,decoding_table)[0]
           ~~~~~~~~~~~~~~~~~~~~~^^^^^^^^^^^^^^^^^^^^^^^^^^^^^^^^^^
  File "C:\Users\matth\AppData\Local\Python\pythoncore-3.14-64\Lib\threading.py", line 1024, in run
    self._target(*self._args, **self._kwargs)
    ~~~~~~~~~~~~^^^^^^^^^^^^^^^^^^^^^^^^^^^^^
UnicodeDecodeError: 'charmap' codec can't decode byte 0x8f in position 230: character maps to <undefined>
  File "C:\Users\matth\AppData\Local\Python\pythoncore-3.14-64\Lib\subprocess.py", line 1614, in _readerthread
    buffer.append(fh.read())
                  ~~~~~~~^^
  File "C:\Users\matth\AppData\Local\Python\pythoncore-3.14-64\Lib\encodings\cp1252.py", line 23, in decode
    return codecs.charmap_decode(input,self.errors,decoding_table)[0]
           ~~~~~~~~~~~~~~~~~~~~~^^^^^^^^^^^^^^^^^^^^^^^^^^^^^^^^^^
UnicodeDecodeError: 'charmap' codec can't decode byte 0x8f in position 7: character maps to <undefined>
Exception in thread Thread-89 (_readerthread):
Traceback (most recent call last):
  File "C:\Users\matth\AppData\Local\Python\pythoncore-3.14-64\Lib\threading.py", line 1082, in _bootstrap_inner
    self._context.run(self.run)
    ~~~~~~~~~~~~~~~~~^^^^^^^^^^
  File "C:\Users\matth\AppData\Local\Python\pythoncore-3.14-64\Lib\threading.py", line 1024, in run
    self._target(*self._args, **self._kwargs)
    ~~~~~~~~~~~~^^^^^^^^^^^^^^^^^^^^^^^^^^^^^
  File "C:\Users\matth\AppData\Local\Python\pythoncore-3.14-64\Lib\subprocess.py", line 1614, in _readerthread
    buffer.append(fh.read())
                  ~~~~~~~^^
  File "C:\Users\matth\AppData\Local\Python\pythoncore-3.14-64\Lib\encodings\cp1252.py", line 23, in decode
    return codecs.charmap_decode(input,self.errors,decoding_table)[0]
           ~~~~~~~~~~~~~~~~~~~~~^^^^^^^^^^^^^^^^^^^^^^^^^^^^^^^^^^
Exception in thread Thread-90 (_readerthread):
UnicodeDecodeError: 'charmap' codec can't decode byte 0x8f in position 7: character maps to <undefined>
Traceback (most recent call last):
  File "C:\Users\matth\AppData\Local\Python\pythoncore-3.14-64\Lib\threading.py", line 1082, in _bootstrap_inner
    self._context.run(self.run)
    ~~~~~~~~~~~~~~~~~^^^^^^^^^^
  File "C:\Users\matth\AppData\Local\Python\pythoncore-3.14-64\Lib\threading.py", line 1024, in run
    self._target(*self._args, **self._kwargs)
    ~~~~~~~~~~~~^^^^^^^^^^^^^^^^^^^^^^^^^^^^^
  File "C:\Users\matth\AppData\Local\Python\pythoncore-3.14-64\Lib\subprocess.py", line 1614, in _readerthread
    buffer.append(fh.read())
                  ~~~~~~~^^
  File "C:\Users\matth\AppData\Local\Python\pythoncore-3.14-64\Lib\encodings\cp1252.py", line 23, in decode
    return codecs.charmap_decode(input,self.errors,decoding_table)[0]
           ~~~~~~~~~~~~~~~~~~~~~^^^^^^^^^^^^^^^^^^^^^^^^^^^^^^^^^^
UnicodeDecodeError: 'charmap' codec can't decode byte 0x8f in position 230: character maps to <undefined>
   uk-cm-kg 31 / 36
Exception in thread Thread-92 (_readerthread):
Exception in thread Thread-91 (_readerthread):
Traceback (most recent call last):
Traceback (most recent call last):
  File "C:\Users\matth\AppData\Local\Python\pythoncore-3.14-64\Lib\threading.py", line 1082, in _bootstrap_inner
    self._context.run(self.run)
    ~~~~~~~~~~~~~~~~~^^^^^^^^^^
  File "C:\Users\matth\AppData\Local\Python\pythoncore-3.14-64\Lib\threading.py", line 1082, in _bootstrap_inner
    self._context.run(self.run)
    ~~~~~~~~~~~~~~~~~^^^^^^^^^^
  File "C:\Users\matth\AppData\Local\Python\pythoncore-3.14-64\Lib\threading.py", line 1024, in run
    self._target(*self._args, **self._kwargs)
    ~~~~~~~~~~~~^^^^^^^^^^^^^^^^^^^^^^^^^^^^^
  File "C:\Users\matth\AppData\Local\Python\pythoncore-3.14-64\Lib\threading.py", line 1024, in run
    self._target(*self._args, **self._kwargs)
    ~~~~~~~~~~~~^^^^^^^^^^^^^^^^^^^^^^^^^^^^^
  File "C:\Users\matth\AppData\Local\Python\pythoncore-3.14-64\Lib\subprocess.py", line 1614, in _readerthread
    buffer.append(fh.read())
                  ~~~~~~~^^
  File "C:\Users\matth\AppData\Local\Python\pythoncore-3.14-64\Lib\encodings\cp1252.py", line 23, in decode
    return codecs.charmap_decode(input,self.errors,decoding_table)[0]
           ~~~~~~~~~~~~~~~~~~~~~^^^^^^^^^^^^^^^^^^^^^^^^^^^^^^^^^^
  File "C:\Users\matth\AppData\Local\Python\pythoncore-3.14-64\Lib\subprocess.py", line 1614, in _readerthread
    buffer.append(fh.read())
                  ~~~~~~~^^
UnicodeDecodeError: 'charmap' codec can't decode byte 0x8f in position 230: character maps to <undefined>
  File "C:\Users\matth\AppData\Local\Python\pythoncore-3.14-64\Lib\encodings\cp1252.py", line 23, in decode
    return codecs.charmap_decode(input,self.errors,decoding_table)[0]
           ~~~~~~~~~~~~~~~~~~~~~^^^^^^^^^^^^^^^^^^^^^^^^^^^^^^^^^^
UnicodeDecodeError: 'charmap' codec can't decode byte 0x8f in position 7: character maps to <undefined>
Exception in thread Thread-94 (_readerthread):
Exception in thread Thread-93 (_readerthread):
Traceback (most recent call last):
  File "C:\Users\matth\AppData\Local\Python\pythoncore-3.14-64\Lib\threading.py", line 1082, in _bootstrap_inner
    self._context.run(self.run)
    ~~~~~~~~~~~~~~~~~^^^^^^^^^^
  File "C:\Users\matth\AppData\Local\Python\pythoncore-3.14-64\Lib\threading.py", line 1024, in run
    self._target(*self._args, **self._kwargs)
    ~~~~~~~~~~~~^^^^^^^^^^^^^^^^^^^^^^^^^^^^^
  File "C:\Users\matth\AppData\Local\Python\pythoncore-3.14-64\Lib\subprocess.py", line 1614, in _readerthread
    buffer.append(fh.read())
                  ~~~~~~~^^
  File "C:\Users\matth\AppData\Local\Python\pythoncore-3.14-64\Lib\encodings\cp1252.py", line 23, in decode
    return codecs.charmap_decode(input,self.errors,decoding_table)[0]
           ~~~~~~~~~~~~~~~~~~~~~^^^^^^^^^^^^^^^^^^^^^^^^^^^^^^^^^^
UnicodeDecodeError: 'charmap' codec can't decode byte 0x8f in position 230: character maps to <undefined>
Traceback (most recent call last):
  File "C:\Users\matth\AppData\Local\Python\pythoncore-3.14-64\Lib\threading.py", line 1082, in _bootstrap_inner
    self._context.run(self.run)
    ~~~~~~~~~~~~~~~~~^^^^^^^^^^
  File "C:\Users\matth\AppData\Local\Python\pythoncore-3.14-64\Lib\threading.py", line 1024, in run
    self._target(*self._args, **self._kwargs)
    ~~~~~~~~~~~~^^^^^^^^^^^^^^^^^^^^^^^^^^^^^
  File "C:\Users\matth\AppData\Local\Python\pythoncore-3.14-64\Lib\subprocess.py", line 1614, in _readerthread
    buffer.append(fh.read())
                  ~~~~~~~^^
  File "C:\Users\matth\AppData\Local\Python\pythoncore-3.14-64\Lib\encodings\cp1252.py", line 23, in decode
    return codecs.charmap_decode(input,self.errors,decoding_table)[0]
           ~~~~~~~~~~~~~~~~~~~~~^^^^^^^^^^^^^^^^^^^^^^^^^^^^^^^^^^
UnicodeDecodeError: 'charmap' codec can't decode byte 0x8f in position 7: character maps to <undefined>
Exception in thread Thread-95 (_readerthread):
Exception in thread Thread-96 (_readerthread):
Traceback (most recent call last):
Traceback (most recent call last):
  File "C:\Users\matth\AppData\Local\Python\pythoncore-3.14-64\Lib\threading.py", line 1082, in _bootstrap_inner
    self._context.run(self.run)
    ~~~~~~~~~~~~~~~~~^^^^^^^^^^
  File "C:\Users\matth\AppData\Local\Python\pythoncore-3.14-64\Lib\threading.py", line 1082, in _bootstrap_inner
    self._context.run(self.run)
    ~~~~~~~~~~~~~~~~~^^^^^^^^^^
  File "C:\Users\matth\AppData\Local\Python\pythoncore-3.14-64\Lib\threading.py", line 1024, in run
    self._target(*self._args, **self._kwargs)
    ~~~~~~~~~~~~^^^^^^^^^^^^^^^^^^^^^^^^^^^^^
  File "C:\Users\matth\AppData\Local\Python\pythoncore-3.14-64\Lib\threading.py", line 1024, in run
    self._target(*self._args, **self._kwargs)
    ~~~~~~~~~~~~^^^^^^^^^^^^^^^^^^^^^^^^^^^^^
  File "C:\Users\matth\AppData\Local\Python\pythoncore-3.14-64\Lib\subprocess.py", line 1614, in _readerthread
    buffer.append(fh.read())
                  ~~~~~~~^^
  File "C:\Users\matth\AppData\Local\Python\pythoncore-3.14-64\Lib\subprocess.py", line 1614, in _readerthread
    buffer.append(fh.read())
                  ~~~~~~~^^
  File "C:\Users\matth\AppData\Local\Python\pythoncore-3.14-64\Lib\encodings\cp1252.py", line 23, in decode
    return codecs.charmap_decode(input,self.errors,decoding_table)[0]
           ~~~~~~~~~~~~~~~~~~~~~^^^^^^^^^^^^^^^^^^^^^^^^^^^^^^^^^^
  File "C:\Users\matth\AppData\Local\Python\pythoncore-3.14-64\Lib\encodings\cp1252.py", line 23, in decode
    return codecs.charmap_decode(input,self.errors,decoding_table)[0]
           ~~~~~~~~~~~~~~~~~~~~~^^^^^^^^^^^^^^^^^^^^^^^^^^^^^^^^^^
UnicodeDecodeError: 'charmap' codec can't decode byte 0x8f in position 230: character maps to <undefined>
UnicodeDecodeError: 'charmap' codec can't decode byte 0x8f in position 7: character maps to <undefined>
Exception in thread Thread-97 (_readerthread):
Exception in thread Thread-98 (_readerthread):
Traceback (most recent call last):
Traceback (most recent call last):
  File "C:\Users\matth\AppData\Local\Python\pythoncore-3.14-64\Lib\threading.py", line 1082, in _bootstrap_inner
    self._context.run(self.run)
    ~~~~~~~~~~~~~~~~~^^^^^^^^^^
  File "C:\Users\matth\AppData\Local\Python\pythoncore-3.14-64\Lib\threading.py", line 1082, in _bootstrap_inner
    self._context.run(self.run)
    ~~~~~~~~~~~~~~~~~^^^^^^^^^^
  File "C:\Users\matth\AppData\Local\Python\pythoncore-3.14-64\Lib\threading.py", line 1024, in run
    self._target(*self._args, **self._kwargs)
    ~~~~~~~~~~~~^^^^^^^^^^^^^^^^^^^^^^^^^^^^^
  File "C:\Users\matth\AppData\Local\Python\pythoncore-3.14-64\Lib\threading.py", line 1024, in run
    self._target(*self._args, **self._kwargs)
    ~~~~~~~~~~~~^^^^^^^^^^^^^^^^^^^^^^^^^^^^^
  File "C:\Users\matth\AppData\Local\Python\pythoncore-3.14-64\Lib\subprocess.py", line 1614, in _readerthread
    buffer.append(fh.read())
                  ~~~~~~~^^
  File "C:\Users\matth\AppData\Local\Python\pythoncore-3.14-64\Lib\encodings\cp1252.py", line 23, in decode
    return codecs.charmap_decode(input,self.errors,decoding_table)[0]
           ~~~~~~~~~~~~~~~~~~~~~^^^^^^^^^^^^^^^^^^^^^^^^^^^^^^^^^^
UnicodeDecodeError: 'charmap' codec can't decode byte 0x8f in position 7: character maps to <undefined>
  File "C:\Users\matth\AppData\Local\Python\pythoncore-3.14-64\Lib\subprocess.py", line 1614, in _readerthread
    buffer.append(fh.read())
                  ~~~~~~~^^
  File "C:\Users\matth\AppData\Local\Python\pythoncore-3.14-64\Lib\encodings\cp1252.py", line 23, in decode
    return codecs.charmap_decode(input,self.errors,decoding_table)[0]
           ~~~~~~~~~~~~~~~~~~~~~^^^^^^^^^^^^^^^^^^^^^^^^^^^^^^^^^^
UnicodeDecodeError: 'charmap' codec can't decode byte 0x8f in position 230: character maps to <undefined>
Exception in thread Thread-100 (_readerthread):
Exception in thread Thread-99 (_readerthread):
Traceback (most recent call last):
  File "C:\Users\matth\AppData\Local\Python\pythoncore-3.14-64\Lib\threading.py", line 1082, in _bootstrap_inner
    self._context.run(self.run)
    ~~~~~~~~~~~~~~~~~^^^^^^^^^^
  File "C:\Users\matth\AppData\Local\Python\pythoncore-3.14-64\Lib\threading.py", line 1024, in run
    self._target(*self._args, **self._kwargs)
    ~~~~~~~~~~~~^^^^^^^^^^^^^^^^^^^^^^^^^^^^^
  File "C:\Users\matth\AppData\Local\Python\pythoncore-3.14-64\Lib\subprocess.py", line 1614, in _readerthread
    buffer.append(fh.read())
                  ~~~~~~~^^
  File "C:\Users\matth\AppData\Local\Python\pythoncore-3.14-64\Lib\encodings\cp1252.py", line 23, in decode
    return codecs.charmap_decode(input,self.errors,decoding_table)[0]
           ~~~~~~~~~~~~~~~~~~~~~^^^^^^^^^^^^^^^^^^^^^^^^^^^^^^^^^^
UnicodeDecodeError: 'charmap' codec can't decode byte 0x8f in position 7: character maps to <undefined>
Traceback (most recent call last):
  File "C:\Users\matth\AppData\Local\Python\pythoncore-3.14-64\Lib\threading.py", line 1082, in _bootstrap_inner
    self._context.run(self.run)
    ~~~~~~~~~~~~~~~~~^^^^^^^^^^
  File "C:\Users\matth\AppData\Local\Python\pythoncore-3.14-64\Lib\threading.py", line 1024, in run
    self._target(*self._args, **self._kwargs)
    ~~~~~~~~~~~~^^^^^^^^^^^^^^^^^^^^^^^^^^^^^
  File "C:\Users\matth\AppData\Local\Python\pythoncore-3.14-64\Lib\subprocess.py", line 1614, in _readerthread
    buffer.append(fh.read())
                  ~~~~~~~^^
  File "C:\Users\matth\AppData\Local\Python\pythoncore-3.14-64\Lib\encodings\cp1252.py", line 23, in decode
    return codecs.charmap_decode(input,self.errors,decoding_table)[0]
           ~~~~~~~~~~~~~~~~~~~~~^^^^^^^^^^^^^^^^^^^^^^^^^^^^^^^^^^
UnicodeDecodeError: 'charmap' codec can't decode byte 0x8f in position 230: character maps to <undefined>
   uk-cm-kg 36 / 36
au-cm-kg records 1874
au-cm-kg statements 137721 events 124300 files 35
Exception in thread Thread-102 (_readerthread):
Exception in thread Thread-101 (_readerthread):
Traceback (most recent call last):
Traceback (most recent call last):
  File "C:\Users\matth\AppData\Local\Python\pythoncore-3.14-64\Lib\threading.py", line 1082, in _bootstrap_inner
    self._context.run(self.run)
    ~~~~~~~~~~~~~~~~~^^^^^^^^^^
  File "C:\Users\matth\AppData\Local\Python\pythoncore-3.14-64\Lib\threading.py", line 1082, in _bootstrap_inner
    self._context.run(self.run)
    ~~~~~~~~~~~~~~~~~^^^^^^^^^^
  File "C:\Users\matth\AppData\Local\Python\pythoncore-3.14-64\Lib\threading.py", line 1024, in run
    self._target(*self._args, **self._kwargs)
    ~~~~~~~~~~~~^^^^^^^^^^^^^^^^^^^^^^^^^^^^^
  File "C:\Users\matth\AppData\Local\Python\pythoncore-3.14-64\Lib\threading.py", line 1024, in run
    self._target(*self._args, **self._kwargs)
    ~~~~~~~~~~~~^^^^^^^^^^^^^^^^^^^^^^^^^^^^^
  File "C:\Users\matth\AppData\Local\Python\pythoncore-3.14-64\Lib\subprocess.py", line 1614, in _readerthread
    buffer.append(fh.read())
                  ~~~~~~~^^
  File "C:\Users\matth\AppData\Local\Python\pythoncore-3.14-64\Lib\subprocess.py", line 1614, in _readerthread
    buffer.append(fh.read())
                  ~~~~~~~^^
  File "C:\Users\matth\AppData\Local\Python\pythoncore-3.14-64\Lib\encodings\cp1252.py", line 23, in decode
    return codecs.charmap_decode(input,self.errors,decoding_table)[0]
           ~~~~~~~~~~~~~~~~~~~~~^^^^^^^^^^^^^^^^^^^^^^^^^^^^^^^^^^
  File "C:\Users\matth\AppData\Local\Python\pythoncore-3.14-64\Lib\encodings\cp1252.py", line 23, in decode
    return codecs.charmap_decode(input,self.errors,decoding_table)[0]
           ~~~~~~~~~~~~~~~~~~~~~^^^^^^^^^^^^^^^^^^^^^^^^^^^^^^^^^^
UnicodeDecodeError: 'charmap' codec can't decode byte 0x8f in position 230: character maps to <undefined>
UnicodeDecodeError: 'charmap' codec can't decode byte 0x8f in position 7: character maps to <undefined>
   au-cm-kg 1 / 35
Exception in thread Thread-103 (_readerthread):
Exception in thread Thread-104 (_readerthread):
Traceback (most recent call last):
  File "C:\Users\matth\AppData\Local\Python\pythoncore-3.14-64\Lib\threading.py", line 1082, in _bootstrap_inner
    self._context.run(self.run)
    ~~~~~~~~~~~~~~~~~^^^^^^^^^^
  File "C:\Users\matth\AppData\Local\Python\pythoncore-3.14-64\Lib\threading.py", line 1024, in run
    self._target(*self._args, **self._kwargs)
    ~~~~~~~~~~~~^^^^^^^^^^^^^^^^^^^^^^^^^^^^^
  File "C:\Users\matth\AppData\Local\Python\pythoncore-3.14-64\Lib\subprocess.py", line 1614, in _readerthread
    buffer.append(fh.read())
                  ~~~~~~~^^
  File "C:\Users\matth\AppData\Local\Python\pythoncore-3.14-64\Lib\encodings\cp1252.py", line 23, in decode
    return codecs.charmap_decode(input,self.errors,decoding_table)[0]
           ~~~~~~~~~~~~~~~~~~~~~^^^^^^^^^^^^^^^^^^^^^^^^^^^^^^^^^^
UnicodeDecodeError: 'charmap' codec can't decode byte 0x8f in position 7: character maps to <undefined>
Traceback (most recent call last):
  File "C:\Users\matth\AppData\Local\Python\pythoncore-3.14-64\Lib\threading.py", line 1082, in _bootstrap_inner
    self._context.run(self.run)
    ~~~~~~~~~~~~~~~~~^^^^^^^^^^
  File "C:\Users\matth\AppData\Local\Python\pythoncore-3.14-64\Lib\threading.py", line 1024, in run
    self._target(*self._args, **self._kwargs)
    ~~~~~~~~~~~~^^^^^^^^^^^^^^^^^^^^^^^^^^^^^
  File "C:\Users\matth\AppData\Local\Python\pythoncore-3.14-64\Lib\subprocess.py", line 1614, in _readerthread
    buffer.append(fh.read())
                  ~~~~~~~^^
  File "C:\Users\matth\AppData\Local\Python\pythoncore-3.14-64\Lib\encodings\cp1252.py", line 23, in decode
    return codecs.charmap_decode(input,self.errors,decoding_table)[0]
           ~~~~~~~~~~~~~~~~~~~~~^^^^^^^^^^^^^^^^^^^^^^^^^^^^^^^^^^
UnicodeDecodeError: 'charmap' codec can't decode byte 0x8f in position 230: character maps to <undefined>
Exception in thread Thread-105 (_readerthread):
Exception in thread Thread-106 (_readerthread):
Traceback (most recent call last):
  File "C:\Users\matth\AppData\Local\Python\pythoncore-3.14-64\Lib\threading.py", line 1082, in _bootstrap_inner
    self._context.run(self.run)
    ~~~~~~~~~~~~~~~~~^^^^^^^^^^
Traceback (most recent call last):
  File "C:\Users\matth\AppData\Local\Python\pythoncore-3.14-64\Lib\threading.py", line 1024, in run
    self._target(*self._args, **self._kwargs)
    ~~~~~~~~~~~~^^^^^^^^^^^^^^^^^^^^^^^^^^^^^
  File "C:\Users\matth\AppData\Local\Python\pythoncore-3.14-64\Lib\threading.py", line 1082, in _bootstrap_inner
    self._context.run(self.run)
    ~~~~~~~~~~~~~~~~~^^^^^^^^^^
  File "C:\Users\matth\AppData\Local\Python\pythoncore-3.14-64\Lib\subprocess.py", line 1614, in _readerthread
    buffer.append(fh.read())
                  ~~~~~~~^^
  File "C:\Users\matth\AppData\Local\Python\pythoncore-3.14-64\Lib\threading.py", line 1024, in run
    self._target(*self._args, **self._kwargs)
    ~~~~~~~~~~~~^^^^^^^^^^^^^^^^^^^^^^^^^^^^^
  File "C:\Users\matth\AppData\Local\Python\pythoncore-3.14-64\Lib\subprocess.py", line 1614, in _readerthread
    buffer.append(fh.read())
                  ~~~~~~~^^
  File "C:\Users\matth\AppData\Local\Python\pythoncore-3.14-64\Lib\encodings\cp1252.py", line 23, in decode
    return codecs.charmap_decode(input,self.errors,decoding_table)[0]
           ~~~~~~~~~~~~~~~~~~~~~^^^^^^^^^^^^^^^^^^^^^^^^^^^^^^^^^^
  File "C:\Users\matth\AppData\Local\Python\pythoncore-3.14-64\Lib\encodings\cp1252.py", line 23, in decode
    return codecs.charmap_decode(input,self.errors,decoding_table)[0]
           ~~~~~~~~~~~~~~~~~~~~~^^^^^^^^^^^^^^^^^^^^^^^^^^^^^^^^^^
UnicodeDecodeError: 'charmap' codec can't decode byte 0x8f in position 230: character maps to <undefined>
UnicodeDecodeError: 'charmap' codec can't decode byte 0x8f in position 7: character maps to <undefined>
Exception in thread Thread-108 (_readerthread):
Traceback (most recent call last):
Exception in thread Thread-107 (_readerthread):
  File "C:\Users\matth\AppData\Local\Python\pythoncore-3.14-64\Lib\threading.py", line 1082, in _bootstrap_inner
    self._context.run(self.run)
    ~~~~~~~~~~~~~~~~~^^^^^^^^^^
  File "C:\Users\matth\AppData\Local\Python\pythoncore-3.14-64\Lib\threading.py", line 1024, in run
    self._target(*self._args, **self._kwargs)
    ~~~~~~~~~~~~^^^^^^^^^^^^^^^^^^^^^^^^^^^^^
  File "C:\Users\matth\AppData\Local\Python\pythoncore-3.14-64\Lib\subprocess.py", line 1614, in _readerthread
    buffer.append(fh.read())
                  ~~~~~~~^^
  File "C:\Users\matth\AppData\Local\Python\pythoncore-3.14-64\Lib\encodings\cp1252.py", line 23, in decode
    return codecs.charmap_decode(input,self.errors,decoding_table)[0]
           ~~~~~~~~~~~~~~~~~~~~~^^^^^^^^^^^^^^^^^^^^^^^^^^^^^^^^^^
UnicodeDecodeError: 'charmap' codec can't decode byte 0x8f in position 230: character maps to <undefined>
Traceback (most recent call last):
  File "C:\Users\matth\AppData\Local\Python\pythoncore-3.14-64\Lib\threading.py", line 1082, in _bootstrap_inner
    self._context.run(self.run)
    ~~~~~~~~~~~~~~~~~^^^^^^^^^^
  File "C:\Users\matth\AppData\Local\Python\pythoncore-3.14-64\Lib\threading.py", line 1024, in run
    self._target(*self._args, **self._kwargs)
    ~~~~~~~~~~~~^^^^^^^^^^^^^^^^^^^^^^^^^^^^^
  File "C:\Users\matth\AppData\Local\Python\pythoncore-3.14-64\Lib\subprocess.py", line 1614, in _readerthread
    buffer.append(fh.read())
                  ~~~~~~~^^
  File "C:\Users\matth\AppData\Local\Python\pythoncore-3.14-64\Lib\encodings\cp1252.py", line 23, in decode
    return codecs.charmap_decode(input,self.errors,decoding_table)[0]
           ~~~~~~~~~~~~~~~~~~~~~^^^^^^^^^^^^^^^^^^^^^^^^^^^^^^^^^^
UnicodeDecodeError: 'charmap' codec can't decode byte 0x8f in position 7: character maps to <undefined>
Exception in thread Thread-109 (_readerthread):
Exception in thread Thread-110 (_readerthread):
Traceback (most recent call last):
  File "C:\Users\matth\AppData\Local\Python\pythoncore-3.14-64\Lib\threading.py", line 1082, in _bootstrap_inner
    self._context.run(self.run)
    ~~~~~~~~~~~~~~~~~^^^^^^^^^^
  File "C:\Users\matth\AppData\Local\Python\pythoncore-3.14-64\Lib\threading.py", line 1024, in run
    self._target(*self._args, **self._kwargs)
    ~~~~~~~~~~~~^^^^^^^^^^^^^^^^^^^^^^^^^^^^^
  File "C:\Users\matth\AppData\Local\Python\pythoncore-3.14-64\Lib\subprocess.py", line 1614, in _readerthread
    buffer.append(fh.read())
                  ~~~~~~~^^
  File "C:\Users\matth\AppData\Local\Python\pythoncore-3.14-64\Lib\encodings\cp1252.py", line 23, in decode
    return codecs.charmap_decode(input,self.errors,decoding_table)[0]
           ~~~~~~~~~~~~~~~~~~~~~^^^^^^^^^^^^^^^^^^^^^^^^^^^^^^^^^^
UnicodeDecodeError: 'charmap' codec can't decode byte 0x8f in position 7: character maps to <undefined>
Traceback (most recent call last):
  File "C:\Users\matth\AppData\Local\Python\pythoncore-3.14-64\Lib\threading.py", line 1082, in _bootstrap_inner
    self._context.run(self.run)
    ~~~~~~~~~~~~~~~~~^^^^^^^^^^
  File "C:\Users\matth\AppData\Local\Python\pythoncore-3.14-64\Lib\threading.py", line 1024, in run
    self._target(*self._args, **self._kwargs)
    ~~~~~~~~~~~~^^^^^^^^^^^^^^^^^^^^^^^^^^^^^
  File "C:\Users\matth\AppData\Local\Python\pythoncore-3.14-64\Lib\subprocess.py", line 1614, in _readerthread
    buffer.append(fh.read())
                  ~~~~~~~^^
  File "C:\Users\matth\AppData\Local\Python\pythoncore-3.14-64\Lib\encodings\cp1252.py", line 23, in decode
    return codecs.charmap_decode(input,self.errors,decoding_table)[0]
           ~~~~~~~~~~~~~~~~~~~~~^^^^^^^^^^^^^^^^^^^^^^^^^^^^^^^^^^
UnicodeDecodeError: 'charmap' codec can't decode byte 0x8f in position 230: character maps to <undefined>
Exception in thread Thread-112 (_readerthread):
Exception in thread Thread-111 (_readerthread):
Traceback (most recent call last):
  File "C:\Users\matth\AppData\Local\Python\pythoncore-3.14-64\Lib\threading.py", line 1082, in _bootstrap_inner
    self._context.run(self.run)
    ~~~~~~~~~~~~~~~~~^^^^^^^^^^
  File "C:\Users\matth\AppData\Local\Python\pythoncore-3.14-64\Lib\threading.py", line 1024, in run
    self._target(*self._args, **self._kwargs)
    ~~~~~~~~~~~~^^^^^^^^^^^^^^^^^^^^^^^^^^^^^
  File "C:\Users\matth\AppData\Local\Python\pythoncore-3.14-64\Lib\subprocess.py", line 1614, in _readerthread
    buffer.append(fh.read())
                  ~~~~~~~^^
  File "C:\Users\matth\AppData\Local\Python\pythoncore-3.14-64\Lib\encodings\cp1252.py", line 23, in decode
    return codecs.charmap_decode(input,self.errors,decoding_table)[0]
           ~~~~~~~~~~~~~~~~~~~~~^^^^^^^^^^^^^^^^^^^^^^^^^^^^^^^^^^
Traceback (most recent call last):
UnicodeDecodeError: 'charmap' codec can't decode byte 0x8f in position 230: character maps to <undefined>
  File "C:\Users\matth\AppData\Local\Python\pythoncore-3.14-64\Lib\threading.py", line 1082, in _bootstrap_inner
    self._context.run(self.run)
    ~~~~~~~~~~~~~~~~~^^^^^^^^^^
  File "C:\Users\matth\AppData\Local\Python\pythoncore-3.14-64\Lib\threading.py", line 1024, in run
    self._target(*self._args, **self._kwargs)
    ~~~~~~~~~~~~^^^^^^^^^^^^^^^^^^^^^^^^^^^^^
  File "C:\Users\matth\AppData\Local\Python\pythoncore-3.14-64\Lib\subprocess.py", line 1614, in _readerthread
    buffer.append(fh.read())
                  ~~~~~~~^^
  File "C:\Users\matth\AppData\Local\Python\pythoncore-3.14-64\Lib\encodings\cp1252.py", line 23, in decode
    return codecs.charmap_decode(input,self.errors,decoding_table)[0]
           ~~~~~~~~~~~~~~~~~~~~~^^^^^^^^^^^^^^^^^^^^^^^^^^^^^^^^^^
UnicodeDecodeError: 'charmap' codec can't decode byte 0x8f in position 7: character maps to <undefined>
   au-cm-kg 6 / 35
Exception in thread Thread-113 (_readerthread):
Exception in thread Thread-114 (_readerthread):
Traceback (most recent call last):
  File "C:\Users\matth\AppData\Local\Python\pythoncore-3.14-64\Lib\threading.py", line 1082, in _bootstrap_inner
    self._context.run(self.run)
    ~~~~~~~~~~~~~~~~~^^^^^^^^^^
  File "C:\Users\matth\AppData\Local\Python\pythoncore-3.14-64\Lib\threading.py", line 1024, in run
    self._target(*self._args, **self._kwargs)
    ~~~~~~~~~~~~^^^^^^^^^^^^^^^^^^^^^^^^^^^^^
Traceback (most recent call last):
  File "C:\Users\matth\AppData\Local\Python\pythoncore-3.14-64\Lib\subprocess.py", line 1614, in _readerthread
    buffer.append(fh.read())
                  ~~~~~~~^^
  File "C:\Users\matth\AppData\Local\Python\pythoncore-3.14-64\Lib\threading.py", line 1082, in _bootstrap_inner
    self._context.run(self.run)
    ~~~~~~~~~~~~~~~~~^^^^^^^^^^
  File "C:\Users\matth\AppData\Local\Python\pythoncore-3.14-64\Lib\encodings\cp1252.py", line 23, in decode
    return codecs.charmap_decode(input,self.errors,decoding_table)[0]
           ~~~~~~~~~~~~~~~~~~~~~^^^^^^^^^^^^^^^^^^^^^^^^^^^^^^^^^^
  File "C:\Users\matth\AppData\Local\Python\pythoncore-3.14-64\Lib\threading.py", line 1024, in run
    self._target(*self._args, **self._kwargs)
    ~~~~~~~~~~~~^^^^^^^^^^^^^^^^^^^^^^^^^^^^^
UnicodeDecodeError: 'charmap' codec can't decode byte 0x8f in position 230: character maps to <undefined>
  File "C:\Users\matth\AppData\Local\Python\pythoncore-3.14-64\Lib\subprocess.py", line 1614, in _readerthread
    buffer.append(fh.read())
                  ~~~~~~~^^
  File "C:\Users\matth\AppData\Local\Python\pythoncore-3.14-64\Lib\encodings\cp1252.py", line 23, in decode
    return codecs.charmap_decode(input,self.errors,decoding_table)[0]
           ~~~~~~~~~~~~~~~~~~~~~^^^^^^^^^^^^^^^^^^^^^^^^^^^^^^^^^^
UnicodeDecodeError: 'charmap' codec can't decode byte 0x8f in position 7: character maps to <undefined>
Exception in thread Thread-116 (_readerthread):
Exception in thread Thread-115 (_readerthread):
Traceback (most recent call last):
Traceback (most recent call last):
  File "C:\Users\matth\AppData\Local\Python\pythoncore-3.14-64\Lib\threading.py", line 1082, in _bootstrap_inner
    self._context.run(self.run)
    ~~~~~~~~~~~~~~~~~^^^^^^^^^^
  File "C:\Users\matth\AppData\Local\Python\pythoncore-3.14-64\Lib\threading.py", line 1082, in _bootstrap_inner
    self._context.run(self.run)
    ~~~~~~~~~~~~~~~~~^^^^^^^^^^
  File "C:\Users\matth\AppData\Local\Python\pythoncore-3.14-64\Lib\threading.py", line 1024, in run
    self._target(*self._args, **self._kwargs)
    ~~~~~~~~~~~~^^^^^^^^^^^^^^^^^^^^^^^^^^^^^
  File "C:\Users\matth\AppData\Local\Python\pythoncore-3.14-64\Lib\subprocess.py", line 1614, in _readerthread
    buffer.append(fh.read())
                  ~~~~~~~^^
  File "C:\Users\matth\AppData\Local\Python\pythoncore-3.14-64\Lib\threading.py", line 1024, in run
    self._target(*self._args, **self._kwargs)
    ~~~~~~~~~~~~^^^^^^^^^^^^^^^^^^^^^^^^^^^^^
  File "C:\Users\matth\AppData\Local\Python\pythoncore-3.14-64\Lib\encodings\cp1252.py", line 23, in decode
    return codecs.charmap_decode(input,self.errors,decoding_table)[0]
           ~~~~~~~~~~~~~~~~~~~~~^^^^^^^^^^^^^^^^^^^^^^^^^^^^^^^^^^
UnicodeDecodeError: 'charmap' codec can't decode byte 0x8f in position 230: character maps to <undefined>
  File "C:\Users\matth\AppData\Local\Python\pythoncore-3.14-64\Lib\subprocess.py", line 1614, in _readerthread
    buffer.append(fh.read())
                  ~~~~~~~^^
  File "C:\Users\matth\AppData\Local\Python\pythoncore-3.14-64\Lib\encodings\cp1252.py", line 23, in decode
    return codecs.charmap_decode(input,self.errors,decoding_table)[0]
           ~~~~~~~~~~~~~~~~~~~~~^^^^^^^^^^^^^^^^^^^^^^^^^^^^^^^^^^
UnicodeDecodeError: 'charmap' codec can't decode byte 0x8f in position 7: character maps to <undefined>
Exception in thread Thread-117 (_readerthread):
Exception in thread Thread-118 (_readerthread):
Traceback (most recent call last):
  File "C:\Users\matth\AppData\Local\Python\pythoncore-3.14-64\Lib\threading.py", line 1082, in _bootstrap_inner
    self._context.run(self.run)
    ~~~~~~~~~~~~~~~~~^^^^^^^^^^
  File "C:\Users\matth\AppData\Local\Python\pythoncore-3.14-64\Lib\threading.py", line 1024, in run
    self._target(*self._args, **self._kwargs)
    ~~~~~~~~~~~~^^^^^^^^^^^^^^^^^^^^^^^^^^^^^
  File "C:\Users\matth\AppData\Local\Python\pythoncore-3.14-64\Lib\subprocess.py", line 1614, in _readerthread
    buffer.append(fh.read())
                  ~~~~~~~^^
Traceback (most recent call last):
  File "C:\Users\matth\AppData\Local\Python\pythoncore-3.14-64\Lib\encodings\cp1252.py", line 23, in decode
    return codecs.charmap_decode(input,self.errors,decoding_table)[0]
           ~~~~~~~~~~~~~~~~~~~~~^^^^^^^^^^^^^^^^^^^^^^^^^^^^^^^^^^
  File "C:\Users\matth\AppData\Local\Python\pythoncore-3.14-64\Lib\threading.py", line 1082, in _bootstrap_inner
    self._context.run(self.run)
    ~~~~~~~~~~~~~~~~~^^^^^^^^^^
UnicodeDecodeError: 'charmap' codec can't decode byte 0x8f in position 7: character maps to <undefined>
  File "C:\Users\matth\AppData\Local\Python\pythoncore-3.14-64\Lib\threading.py", line 1024, in run
    self._target(*self._args, **self._kwargs)
    ~~~~~~~~~~~~^^^^^^^^^^^^^^^^^^^^^^^^^^^^^
  File "C:\Users\matth\AppData\Local\Python\pythoncore-3.14-64\Lib\subprocess.py", line 1614, in _readerthread
    buffer.append(fh.read())
                  ~~~~~~~^^
  File "C:\Users\matth\AppData\Local\Python\pythoncore-3.14-64\Lib\encodings\cp1252.py", line 23, in decode
    return codecs.charmap_decode(input,self.errors,decoding_table)[0]
           ~~~~~~~~~~~~~~~~~~~~~^^^^^^^^^^^^^^^^^^^^^^^^^^^^^^^^^^
UnicodeDecodeError: 'charmap' codec can't decode byte 0x8f in position 230: character maps to <undefined>
Exception in thread Thread-119 (_readerthread):
Exception in thread Thread-120 (_readerthread):
Traceback (most recent call last):
  File "C:\Users\matth\AppData\Local\Python\pythoncore-3.14-64\Lib\threading.py", line 1082, in _bootstrap_inner
    self._context.run(self.run)
    ~~~~~~~~~~~~~~~~~^^^^^^^^^^
  File "C:\Users\matth\AppData\Local\Python\pythoncore-3.14-64\Lib\threading.py", line 1024, in run
    self._target(*self._args, **self._kwargs)
    ~~~~~~~~~~~~^^^^^^^^^^^^^^^^^^^^^^^^^^^^^
  File "C:\Users\matth\AppData\Local\Python\pythoncore-3.14-64\Lib\subprocess.py", line 1614, in _readerthread
    buffer.append(fh.read())
                  ~~~~~~~^^
Traceback (most recent call last):
  File "C:\Users\matth\AppData\Local\Python\pythoncore-3.14-64\Lib\encodings\cp1252.py", line 23, in decode
    return codecs.charmap_decode(input,self.errors,decoding_table)[0]
           ~~~~~~~~~~~~~~~~~~~~~^^^^^^^^^^^^^^^^^^^^^^^^^^^^^^^^^^
  File "C:\Users\matth\AppData\Local\Python\pythoncore-3.14-64\Lib\threading.py", line 1082, in _bootstrap_inner
    self._context.run(self.run)
    ~~~~~~~~~~~~~~~~~^^^^^^^^^^
UnicodeDecodeError: 'charmap' codec can't decode byte 0x8f in position 230: character maps to <undefined>
  File "C:\Users\matth\AppData\Local\Python\pythoncore-3.14-64\Lib\threading.py", line 1024, in run
    self._target(*self._args, **self._kwargs)
    ~~~~~~~~~~~~^^^^^^^^^^^^^^^^^^^^^^^^^^^^^
  File "C:\Users\matth\AppData\Local\Python\pythoncore-3.14-64\Lib\subprocess.py", line 1614, in _readerthread
    buffer.append(fh.read())
                  ~~~~~~~^^
  File "C:\Users\matth\AppData\Local\Python\pythoncore-3.14-64\Lib\encodings\cp1252.py", line 23, in decode
    return codecs.charmap_decode(input,self.errors,decoding_table)[0]
           ~~~~~~~~~~~~~~~~~~~~~^^^^^^^^^^^^^^^^^^^^^^^^^^^^^^^^^^
UnicodeDecodeError: 'charmap' codec can't decode byte 0x8f in position 7: character maps to <undefined>
Exception in thread Thread-122 (_readerthread):
Exception in thread Thread-121 (_readerthread):
Traceback (most recent call last):
Traceback (most recent call last):
  File "C:\Users\matth\AppData\Local\Python\pythoncore-3.14-64\Lib\threading.py", line 1082, in _bootstrap_inner
    self._context.run(self.run)
    ~~~~~~~~~~~~~~~~~^^^^^^^^^^
  File "C:\Users\matth\AppData\Local\Python\pythoncore-3.14-64\Lib\threading.py", line 1082, in _bootstrap_inner
    self._context.run(self.run)
    ~~~~~~~~~~~~~~~~~^^^^^^^^^^
  File "C:\Users\matth\AppData\Local\Python\pythoncore-3.14-64\Lib\threading.py", line 1024, in run
    self._target(*self._args, **self._kwargs)
    ~~~~~~~~~~~~^^^^^^^^^^^^^^^^^^^^^^^^^^^^^
  File "C:\Users\matth\AppData\Local\Python\pythoncore-3.14-64\Lib\subprocess.py", line 1614, in _readerthread
    buffer.append(fh.read())
                  ~~~~~~~^^
  File "C:\Users\matth\AppData\Local\Python\pythoncore-3.14-64\Lib\encodings\cp1252.py", line 23, in decode
    return codecs.charmap_decode(input,self.errors,decoding_table)[0]
           ~~~~~~~~~~~~~~~~~~~~~^^^^^^^^^^^^^^^^^^^^^^^^^^^^^^^^^^
UnicodeDecodeError: 'charmap' codec can't decode byte 0x8f in position 230: character maps to <undefined>
  File "C:\Users\matth\AppData\Local\Python\pythoncore-3.14-64\Lib\threading.py", line 1024, in run
    self._target(*self._args, **self._kwargs)
    ~~~~~~~~~~~~^^^^^^^^^^^^^^^^^^^^^^^^^^^^^
  File "C:\Users\matth\AppData\Local\Python\pythoncore-3.14-64\Lib\subprocess.py", line 1614, in _readerthread
    buffer.append(fh.read())
                  ~~~~~~~^^
  File "C:\Users\matth\AppData\Local\Python\pythoncore-3.14-64\Lib\encodings\cp1252.py", line 23, in decode
    return codecs.charmap_decode(input,self.errors,decoding_table)[0]
           ~~~~~~~~~~~~~~~~~~~~~^^^^^^^^^^^^^^^^^^^^^^^^^^^^^^^^^^
UnicodeDecodeError: 'charmap' codec can't decode byte 0x8f in position 7: character maps to <undefined>
   au-cm-kg 11 / 35
Exception in thread Thread-124 (_readerthread):
Exception in thread Thread-123 (_readerthread):
Traceback (most recent call last):
  File "C:\Users\matth\AppData\Local\Python\pythoncore-3.14-64\Lib\threading.py", line 1082, in _bootstrap_inner
    self._context.run(self.run)
    ~~~~~~~~~~~~~~~~~^^^^^^^^^^
  File "C:\Users\matth\AppData\Local\Python\pythoncore-3.14-64\Lib\threading.py", line 1024, in run
    self._target(*self._args, **self._kwargs)
    ~~~~~~~~~~~~^^^^^^^^^^^^^^^^^^^^^^^^^^^^^
  File "C:\Users\matth\AppData\Local\Python\pythoncore-3.14-64\Lib\subprocess.py", line 1614, in _readerthread
    buffer.append(fh.read())
                  ~~~~~~~^^
  File "C:\Users\matth\AppData\Local\Python\pythoncore-3.14-64\Lib\encodings\cp1252.py", line 23, in decode
    return codecs.charmap_decode(input,self.errors,decoding_table)[0]
           ~~~~~~~~~~~~~~~~~~~~~^^^^^^^^^^^^^^^^^^^^^^^^^^^^^^^^^^
UnicodeDecodeError: 'charmap' codec can't decode byte 0x8f in position 7: character maps to <undefined>
Traceback (most recent call last):
  File "C:\Users\matth\AppData\Local\Python\pythoncore-3.14-64\Lib\threading.py", line 1082, in _bootstrap_inner
    self._context.run(self.run)
    ~~~~~~~~~~~~~~~~~^^^^^^^^^^
  File "C:\Users\matth\AppData\Local\Python\pythoncore-3.14-64\Lib\threading.py", line 1024, in run
    self._target(*self._args, **self._kwargs)
    ~~~~~~~~~~~~^^^^^^^^^^^^^^^^^^^^^^^^^^^^^
  File "C:\Users\matth\AppData\Local\Python\pythoncore-3.14-64\Lib\subprocess.py", line 1614, in _readerthread
    buffer.append(fh.read())
                  ~~~~~~~^^
  File "C:\Users\matth\AppData\Local\Python\pythoncore-3.14-64\Lib\encodings\cp1252.py", line 23, in decode
    return codecs.charmap_decode(input,self.errors,decoding_table)[0]
           ~~~~~~~~~~~~~~~~~~~~~^^^^^^^^^^^^^^^^^^^^^^^^^^^^^^^^^^
UnicodeDecodeError: 'charmap' codec can't decode byte 0x8f in position 230: character maps to <undefined>
Exception in thread Thread-125 (_readerthread):
Exception in thread Thread-126 (_readerthread):
Traceback (most recent call last):
Traceback (most recent call last):
  File "C:\Users\matth\AppData\Local\Python\pythoncore-3.14-64\Lib\threading.py", line 1082, in _bootstrap_inner
    self._context.run(self.run)
    ~~~~~~~~~~~~~~~~~^^^^^^^^^^
  File "C:\Users\matth\AppData\Local\Python\pythoncore-3.14-64\Lib\threading.py", line 1082, in _bootstrap_inner
    self._context.run(self.run)
    ~~~~~~~~~~~~~~~~~^^^^^^^^^^
  File "C:\Users\matth\AppData\Local\Python\pythoncore-3.14-64\Lib\threading.py", line 1024, in run
    self._target(*self._args, **self._kwargs)
    ~~~~~~~~~~~~^^^^^^^^^^^^^^^^^^^^^^^^^^^^^
  File "C:\Users\matth\AppData\Local\Python\pythoncore-3.14-64\Lib\threading.py", line 1024, in run
    self._target(*self._args, **self._kwargs)
    ~~~~~~~~~~~~^^^^^^^^^^^^^^^^^^^^^^^^^^^^^
  File "C:\Users\matth\AppData\Local\Python\pythoncore-3.14-64\Lib\subprocess.py", line 1614, in _readerthread
    buffer.append(fh.read())
                  ~~~~~~~^^
  File "C:\Users\matth\AppData\Local\Python\pythoncore-3.14-64\Lib\subprocess.py", line 1614, in _readerthread
    buffer.append(fh.read())
                  ~~~~~~~^^
  File "C:\Users\matth\AppData\Local\Python\pythoncore-3.14-64\Lib\encodings\cp1252.py", line 23, in decode
    return codecs.charmap_decode(input,self.errors,decoding_table)[0]
           ~~~~~~~~~~~~~~~~~~~~~^^^^^^^^^^^^^^^^^^^^^^^^^^^^^^^^^^
  File "C:\Users\matth\AppData\Local\Python\pythoncore-3.14-64\Lib\encodings\cp1252.py", line 23, in decode
    return codecs.charmap_decode(input,self.errors,decoding_table)[0]
           ~~~~~~~~~~~~~~~~~~~~~^^^^^^^^^^^^^^^^^^^^^^^^^^^^^^^^^^
UnicodeDecodeError: 'charmap' codec can't decode byte 0x8f in position 230: character maps to <undefined>
UnicodeDecodeError: 'charmap' codec can't decode byte 0x8f in position 7: character maps to <undefined>
Exception in thread Thread-127 (_readerthread):
Exception in thread Thread-128 (_readerthread):
Traceback (most recent call last):
  File "C:\Users\matth\AppData\Local\Python\pythoncore-3.14-64\Lib\threading.py", line 1082, in _bootstrap_inner
    self._context.run(self.run)
    ~~~~~~~~~~~~~~~~~^^^^^^^^^^
  File "C:\Users\matth\AppData\Local\Python\pythoncore-3.14-64\Lib\threading.py", line 1024, in run
    self._target(*self._args, **self._kwargs)
    ~~~~~~~~~~~~^^^^^^^^^^^^^^^^^^^^^^^^^^^^^
  File "C:\Users\matth\AppData\Local\Python\pythoncore-3.14-64\Lib\subprocess.py", line 1614, in _readerthread
    buffer.append(fh.read())
                  ~~~~~~~^^
  File "C:\Users\matth\AppData\Local\Python\pythoncore-3.14-64\Lib\encodings\cp1252.py", line 23, in decode
    return codecs.charmap_decode(input,self.errors,decoding_table)[0]
           ~~~~~~~~~~~~~~~~~~~~~^^^^^^^^^^^^^^^^^^^^^^^^^^^^^^^^^^
UnicodeDecodeError: 'charmap' codec can't decode byte 0x8f in position 7: character maps to <undefined>
Traceback (most recent call last):
  File "C:\Users\matth\AppData\Local\Python\pythoncore-3.14-64\Lib\threading.py", line 1082, in _bootstrap_inner
    self._context.run(self.run)
    ~~~~~~~~~~~~~~~~~^^^^^^^^^^
  File "C:\Users\matth\AppData\Local\Python\pythoncore-3.14-64\Lib\threading.py", line 1024, in run
    self._target(*self._args, **self._kwargs)
    ~~~~~~~~~~~~^^^^^^^^^^^^^^^^^^^^^^^^^^^^^
  File "C:\Users\matth\AppData\Local\Python\pythoncore-3.14-64\Lib\subprocess.py", line 1614, in _readerthread
    buffer.append(fh.read())
                  ~~~~~~~^^
  File "C:\Users\matth\AppData\Local\Python\pythoncore-3.14-64\Lib\encodings\cp1252.py", line 23, in decode
    return codecs.charmap_decode(input,self.errors,decoding_table)[0]
           ~~~~~~~~~~~~~~~~~~~~~^^^^^^^^^^^^^^^^^^^^^^^^^^^^^^^^^^
UnicodeDecodeError: 'charmap' codec can't decode byte 0x8f in position 230: character maps to <undefined>
Exception in thread Thread-129 (_readerthread):
Exception in thread Thread-130 (_readerthread):
Traceback (most recent call last):
  File "C:\Users\matth\AppData\Local\Python\pythoncore-3.14-64\Lib\threading.py", line 1082, in _bootstrap_inner
    self._context.run(self.run)
    ~~~~~~~~~~~~~~~~~^^^^^^^^^^
  File "C:\Users\matth\AppData\Local\Python\pythoncore-3.14-64\Lib\threading.py", line 1024, in run
    self._target(*self._args, **self._kwargs)
    ~~~~~~~~~~~~^^^^^^^^^^^^^^^^^^^^^^^^^^^^^
Traceback (most recent call last):
  File "C:\Users\matth\AppData\Local\Python\pythoncore-3.14-64\Lib\subprocess.py", line 1614, in _readerthread
    buffer.append(fh.read())
                  ~~~~~~~^^
  File "C:\Users\matth\AppData\Local\Python\pythoncore-3.14-64\Lib\threading.py", line 1082, in _bootstrap_inner
    self._context.run(self.run)
    ~~~~~~~~~~~~~~~~~^^^^^^^^^^
  File "C:\Users\matth\AppData\Local\Python\pythoncore-3.14-64\Lib\encodings\cp1252.py", line 23, in decode
    return codecs.charmap_decode(input,self.errors,decoding_table)[0]
           ~~~~~~~~~~~~~~~~~~~~~^^^^^^^^^^^^^^^^^^^^^^^^^^^^^^^^^^
  File "C:\Users\matth\AppData\Local\Python\pythoncore-3.14-64\Lib\threading.py", line 1024, in run
    self._target(*self._args, **self._kwargs)
    ~~~~~~~~~~~~^^^^^^^^^^^^^^^^^^^^^^^^^^^^^
UnicodeDecodeError: 'charmap' codec can't decode byte 0x8f in position 230: character maps to <undefined>
  File "C:\Users\matth\AppData\Local\Python\pythoncore-3.14-64\Lib\subprocess.py", line 1614, in _readerthread
    buffer.append(fh.read())
                  ~~~~~~~^^
  File "C:\Users\matth\AppData\Local\Python\pythoncore-3.14-64\Lib\encodings\cp1252.py", line 23, in decode
    return codecs.charmap_decode(input,self.errors,decoding_table)[0]
           ~~~~~~~~~~~~~~~~~~~~~^^^^^^^^^^^^^^^^^^^^^^^^^^^^^^^^^^
UnicodeDecodeError: 'charmap' codec can't decode byte 0x8f in position 7: character maps to <undefined>
Exception in thread Thread-132 (_readerthread):
Exception in thread Thread-131 (_readerthread):
Traceback (most recent call last):
  File "C:\Users\matth\AppData\Local\Python\pythoncore-3.14-64\Lib\threading.py", line 1082, in _bootstrap_inner
    self._context.run(self.run)
    ~~~~~~~~~~~~~~~~~^^^^^^^^^^
  File "C:\Users\matth\AppData\Local\Python\pythoncore-3.14-64\Lib\threading.py", line 1024, in run
    self._target(*self._args, **self._kwargs)
    ~~~~~~~~~~~~^^^^^^^^^^^^^^^^^^^^^^^^^^^^^
  File "C:\Users\matth\AppData\Local\Python\pythoncore-3.14-64\Lib\subprocess.py", line 1614, in _readerthread
    buffer.append(fh.read())
                  ~~~~~~~^^
  File "C:\Users\matth\AppData\Local\Python\pythoncore-3.14-64\Lib\encodings\cp1252.py", line 23, in decode
    return codecs.charmap_decode(input,self.errors,decoding_table)[0]
           ~~~~~~~~~~~~~~~~~~~~~^^^^^^^^^^^^^^^^^^^^^^^^^^^^^^^^^^
UnicodeDecodeError: 'charmap' codec can't decode byte 0x8f in position 230: character maps to <undefined>
Traceback (most recent call last):
  File "C:\Users\matth\AppData\Local\Python\pythoncore-3.14-64\Lib\threading.py", line 1082, in _bootstrap_inner
    self._context.run(self.run)
    ~~~~~~~~~~~~~~~~~^^^^^^^^^^
  File "C:\Users\matth\AppData\Local\Python\pythoncore-3.14-64\Lib\threading.py", line 1024, in run
    self._target(*self._args, **self._kwargs)
    ~~~~~~~~~~~~^^^^^^^^^^^^^^^^^^^^^^^^^^^^^
  File "C:\Users\matth\AppData\Local\Python\pythoncore-3.14-64\Lib\subprocess.py", line 1614, in _readerthread
    buffer.append(fh.read())
                  ~~~~~~~^^
  File "C:\Users\matth\AppData\Local\Python\pythoncore-3.14-64\Lib\encodings\cp1252.py", line 23, in decode
    return codecs.charmap_decode(input,self.errors,decoding_table)[0]
           ~~~~~~~~~~~~~~~~~~~~~^^^^^^^^^^^^^^^^^^^^^^^^^^^^^^^^^^
UnicodeDecodeError: 'charmap' codec can't decode byte 0x8f in position 7: character maps to <undefined>
   au-cm-kg 16 / 35
Exception in thread Thread-134 (_readerthread):
Exception in thread Thread-133 (_readerthread):
Traceback (most recent call last):
  File "C:\Users\matth\AppData\Local\Python\pythoncore-3.14-64\Lib\threading.py", line 1082, in _bootstrap_inner
    self._context.run(self.run)
    ~~~~~~~~~~~~~~~~~^^^^^^^^^^
  File "C:\Users\matth\AppData\Local\Python\pythoncore-3.14-64\Lib\threading.py", line 1024, in run
    self._target(*self._args, **self._kwargs)
    ~~~~~~~~~~~~^^^^^^^^^^^^^^^^^^^^^^^^^^^^^
  File "C:\Users\matth\AppData\Local\Python\pythoncore-3.14-64\Lib\subprocess.py", line 1614, in _readerthread
    buffer.append(fh.read())
                  ~~~~~~~^^
  File "C:\Users\matth\AppData\Local\Python\pythoncore-3.14-64\Lib\encodings\cp1252.py", line 23, in decode
    return codecs.charmap_decode(input,self.errors,decoding_table)[0]
           ~~~~~~~~~~~~~~~~~~~~~^^^^^^^^^^^^^^^^^^^^^^^^^^^^^^^^^^
UnicodeDecodeError: 'charmap' codec can't decode byte 0x8f in position 230: character maps to <undefined>
Traceback (most recent call last):
  File "C:\Users\matth\AppData\Local\Python\pythoncore-3.14-64\Lib\threading.py", line 1082, in _bootstrap_inner
    self._context.run(self.run)
    ~~~~~~~~~~~~~~~~~^^^^^^^^^^
  File "C:\Users\matth\AppData\Local\Python\pythoncore-3.14-64\Lib\threading.py", line 1024, in run
    self._target(*self._args, **self._kwargs)
    ~~~~~~~~~~~~^^^^^^^^^^^^^^^^^^^^^^^^^^^^^
  File "C:\Users\matth\AppData\Local\Python\pythoncore-3.14-64\Lib\subprocess.py", line 1614, in _readerthread
    buffer.append(fh.read())
                  ~~~~~~~^^
  File "C:\Users\matth\AppData\Local\Python\pythoncore-3.14-64\Lib\encodings\cp1252.py", line 23, in decode
    return codecs.charmap_decode(input,self.errors,decoding_table)[0]
           ~~~~~~~~~~~~~~~~~~~~~^^^^^^^^^^^^^^^^^^^^^^^^^^^^^^^^^^
UnicodeDecodeError: 'charmap' codec can't decode byte 0x8f in position 7: character maps to <undefined>
Exception in thread Thread-136 (_readerthread):
Exception in thread Thread-135 (_readerthread):
Traceback (most recent call last):
Traceback (most recent call last):
  File "C:\Users\matth\AppData\Local\Python\pythoncore-3.14-64\Lib\threading.py", line 1082, in _bootstrap_inner
    self._context.run(self.run)
    ~~~~~~~~~~~~~~~~~^^^^^^^^^^
  File "C:\Users\matth\AppData\Local\Python\pythoncore-3.14-64\Lib\threading.py", line 1082, in _bootstrap_inner
    self._context.run(self.run)
    ~~~~~~~~~~~~~~~~~^^^^^^^^^^
  File "C:\Users\matth\AppData\Local\Python\pythoncore-3.14-64\Lib\threading.py", line 1024, in run
    self._target(*self._args, **self._kwargs)
    ~~~~~~~~~~~~^^^^^^^^^^^^^^^^^^^^^^^^^^^^^
  File "C:\Users\matth\AppData\Local\Python\pythoncore-3.14-64\Lib\threading.py", line 1024, in run
    self._target(*self._args, **self._kwargs)
    ~~~~~~~~~~~~^^^^^^^^^^^^^^^^^^^^^^^^^^^^^
  File "C:\Users\matth\AppData\Local\Python\pythoncore-3.14-64\Lib\subprocess.py", line 1614, in _readerthread
    buffer.append(fh.read())
                  ~~~~~~~^^
  File "C:\Users\matth\AppData\Local\Python\pythoncore-3.14-64\Lib\subprocess.py", line 1614, in _readerthread
    buffer.append(fh.read())
                  ~~~~~~~^^
  File "C:\Users\matth\AppData\Local\Python\pythoncore-3.14-64\Lib\encodings\cp1252.py", line 23, in decode
    return codecs.charmap_decode(input,self.errors,decoding_table)[0]
           ~~~~~~~~~~~~~~~~~~~~~^^^^^^^^^^^^^^^^^^^^^^^^^^^^^^^^^^
  File "C:\Users\matth\AppData\Local\Python\pythoncore-3.14-64\Lib\encodings\cp1252.py", line 23, in decode
    return codecs.charmap_decode(input,self.errors,decoding_table)[0]
           ~~~~~~~~~~~~~~~~~~~~~^^^^^^^^^^^^^^^^^^^^^^^^^^^^^^^^^^
UnicodeDecodeError: 'charmap' codec can't decode byte 0x8f in position 230: character maps to <undefined>
UnicodeDecodeError: 'charmap' codec can't decode byte 0x8f in position 7: character maps to <undefined>
Exception in thread Thread-137 (_readerthread):
Exception in thread Thread-138 (_readerthread):
Traceback (most recent call last):
Traceback (most recent call last):
  File "C:\Users\matth\AppData\Local\Python\pythoncore-3.14-64\Lib\threading.py", line 1082, in _bootstrap_inner
    self._context.run(self.run)
    ~~~~~~~~~~~~~~~~~^^^^^^^^^^
  File "C:\Users\matth\AppData\Local\Python\pythoncore-3.14-64\Lib\threading.py", line 1082, in _bootstrap_inner
    self._context.run(self.run)
    ~~~~~~~~~~~~~~~~~^^^^^^^^^^
  File "C:\Users\matth\AppData\Local\Python\pythoncore-3.14-64\Lib\threading.py", line 1024, in run
    self._target(*self._args, **self._kwargs)
    ~~~~~~~~~~~~^^^^^^^^^^^^^^^^^^^^^^^^^^^^^
  File "C:\Users\matth\AppData\Local\Python\pythoncore-3.14-64\Lib\subprocess.py", line 1614, in _readerthread
    buffer.append(fh.read())
                  ~~~~~~~^^
  File "C:\Users\matth\AppData\Local\Python\pythoncore-3.14-64\Lib\threading.py", line 1024, in run
    self._target(*self._args, **self._kwargs)
    ~~~~~~~~~~~~^^^^^^^^^^^^^^^^^^^^^^^^^^^^^
  File "C:\Users\matth\AppData\Local\Python\pythoncore-3.14-64\Lib\encodings\cp1252.py", line 23, in decode
    return codecs.charmap_decode(input,self.errors,decoding_table)[0]
           ~~~~~~~~~~~~~~~~~~~~~^^^^^^^^^^^^^^^^^^^^^^^^^^^^^^^^^^
  File "C:\Users\matth\AppData\Local\Python\pythoncore-3.14-64\Lib\subprocess.py", line 1614, in _readerthread
    buffer.append(fh.read())
                  ~~~~~~~^^
  File "C:\Users\matth\AppData\Local\Python\pythoncore-3.14-64\Lib\encodings\cp1252.py", line 23, in decode
    return codecs.charmap_decode(input,self.errors,decoding_table)[0]
           ~~~~~~~~~~~~~~~~~~~~~^^^^^^^^^^^^^^^^^^^^^^^^^^^^^^^^^^
UnicodeDecodeError: 'charmap' codec can't decode byte 0x8f in position 230: character maps to <undefined>
UnicodeDecodeError: 'charmap' codec can't decode byte 0x8f in position 7: character maps to <undefined>
Exception in thread Thread-140 (_readerthread):
Exception in thread Thread-139 (_readerthread):
Traceback (most recent call last):
Traceback (most recent call last):
  File "C:\Users\matth\AppData\Local\Python\pythoncore-3.14-64\Lib\threading.py", line 1082, in _bootstrap_inner
    self._context.run(self.run)
    ~~~~~~~~~~~~~~~~~^^^^^^^^^^
  File "C:\Users\matth\AppData\Local\Python\pythoncore-3.14-64\Lib\threading.py", line 1082, in _bootstrap_inner
    self._context.run(self.run)
    ~~~~~~~~~~~~~~~~~^^^^^^^^^^
  File "C:\Users\matth\AppData\Local\Python\pythoncore-3.14-64\Lib\threading.py", line 1024, in run
    self._target(*self._args, **self._kwargs)
    ~~~~~~~~~~~~^^^^^^^^^^^^^^^^^^^^^^^^^^^^^
  File "C:\Users\matth\AppData\Local\Python\pythoncore-3.14-64\Lib\threading.py", line 1024, in run
    self._target(*self._args, **self._kwargs)
    ~~~~~~~~~~~~^^^^^^^^^^^^^^^^^^^^^^^^^^^^^
  File "C:\Users\matth\AppData\Local\Python\pythoncore-3.14-64\Lib\subprocess.py", line 1614, in _readerthread
    buffer.append(fh.read())
                  ~~~~~~~^^
  File "C:\Users\matth\AppData\Local\Python\pythoncore-3.14-64\Lib\subprocess.py", line 1614, in _readerthread
    buffer.append(fh.read())
                  ~~~~~~~^^
  File "C:\Users\matth\AppData\Local\Python\pythoncore-3.14-64\Lib\encodings\cp1252.py", line 23, in decode
    return codecs.charmap_decode(input,self.errors,decoding_table)[0]
           ~~~~~~~~~~~~~~~~~~~~~^^^^^^^^^^^^^^^^^^^^^^^^^^^^^^^^^^
  File "C:\Users\matth\AppData\Local\Python\pythoncore-3.14-64\Lib\encodings\cp1252.py", line 23, in decode
    return codecs.charmap_decode(input,self.errors,decoding_table)[0]
           ~~~~~~~~~~~~~~~~~~~~~^^^^^^^^^^^^^^^^^^^^^^^^^^^^^^^^^^
UnicodeDecodeError: 'charmap' codec can't decode byte 0x8f in position 230: character maps to <undefined>
UnicodeDecodeError: 'charmap' codec can't decode byte 0x8f in position 7: character maps to <undefined>
Exception in thread Thread-142 (_readerthread):
Exception in thread Thread-141 (_readerthread):
Traceback (most recent call last):
  File "C:\Users\matth\AppData\Local\Python\pythoncore-3.14-64\Lib\threading.py", line 1082, in _bootstrap_inner
    self._context.run(self.run)
    ~~~~~~~~~~~~~~~~~^^^^^^^^^^
  File "C:\Users\matth\AppData\Local\Python\pythoncore-3.14-64\Lib\threading.py", line 1024, in run
    self._target(*self._args, **self._kwargs)
    ~~~~~~~~~~~~^^^^^^^^^^^^^^^^^^^^^^^^^^^^^
  File "C:\Users\matth\AppData\Local\Python\pythoncore-3.14-64\Lib\subprocess.py", line 1614, in _readerthread
    buffer.append(fh.read())
                  ~~~~~~~^^
  File "C:\Users\matth\AppData\Local\Python\pythoncore-3.14-64\Lib\encodings\cp1252.py", line 23, in decode
    return codecs.charmap_decode(input,self.errors,decoding_table)[0]
           ~~~~~~~~~~~~~~~~~~~~~^^^^^^^^^^^^^^^^^^^^^^^^^^^^^^^^^^
UnicodeDecodeError: 'charmap' codec can't decode byte 0x8f in position 230: character maps to <undefined>
Traceback (most recent call last):
  File "C:\Users\matth\AppData\Local\Python\pythoncore-3.14-64\Lib\threading.py", line 1082, in _bootstrap_inner
    self._context.run(self.run)
    ~~~~~~~~~~~~~~~~~^^^^^^^^^^
  File "C:\Users\matth\AppData\Local\Python\pythoncore-3.14-64\Lib\threading.py", line 1024, in run
    self._target(*self._args, **self._kwargs)
    ~~~~~~~~~~~~^^^^^^^^^^^^^^^^^^^^^^^^^^^^^
  File "C:\Users\matth\AppData\Local\Python\pythoncore-3.14-64\Lib\subprocess.py", line 1614, in _readerthread
    buffer.append(fh.read())
                  ~~~~~~~^^
  File "C:\Users\matth\AppData\Local\Python\pythoncore-3.14-64\Lib\encodings\cp1252.py", line 23, in decode
    return codecs.charmap_decode(input,self.errors,decoding_table)[0]
           ~~~~~~~~~~~~~~~~~~~~~^^^^^^^^^^^^^^^^^^^^^^^^^^^^^^^^^^
UnicodeDecodeError: 'charmap' codec can't decode byte 0x8f in position 7: character maps to <undefined>
   au-cm-kg 21 / 35
Exception in thread Thread-144 (_readerthread):
Exception in thread Thread-143 (_readerthread):
Traceback (most recent call last):
  File "C:\Users\matth\AppData\Local\Python\pythoncore-3.14-64\Lib\threading.py", line 1082, in _bootstrap_inner
    self._context.run(self.run)
    ~~~~~~~~~~~~~~~~~^^^^^^^^^^
  File "C:\Users\matth\AppData\Local\Python\pythoncore-3.14-64\Lib\threading.py", line 1024, in run
    self._target(*self._args, **self._kwargs)
    ~~~~~~~~~~~~^^^^^^^^^^^^^^^^^^^^^^^^^^^^^
Traceback (most recent call last):
  File "C:\Users\matth\AppData\Local\Python\pythoncore-3.14-64\Lib\subprocess.py", line 1614, in _readerthread
    buffer.append(fh.read())
                  ~~~~~~~^^
  File "C:\Users\matth\AppData\Local\Python\pythoncore-3.14-64\Lib\threading.py", line 1082, in _bootstrap_inner
    self._context.run(self.run)
    ~~~~~~~~~~~~~~~~~^^^^^^^^^^
  File "C:\Users\matth\AppData\Local\Python\pythoncore-3.14-64\Lib\encodings\cp1252.py", line 23, in decode
    return codecs.charmap_decode(input,self.errors,decoding_table)[0]
           ~~~~~~~~~~~~~~~~~~~~~^^^^^^^^^^^^^^^^^^^^^^^^^^^^^^^^^^
  File "C:\Users\matth\AppData\Local\Python\pythoncore-3.14-64\Lib\threading.py", line 1024, in run
    self._target(*self._args, **self._kwargs)
    ~~~~~~~~~~~~^^^^^^^^^^^^^^^^^^^^^^^^^^^^^
UnicodeDecodeError: 'charmap' codec can't decode byte 0x8f in position 230: character maps to <undefined>
  File "C:\Users\matth\AppData\Local\Python\pythoncore-3.14-64\Lib\subprocess.py", line 1614, in _readerthread
    buffer.append(fh.read())
                  ~~~~~~~^^
  File "C:\Users\matth\AppData\Local\Python\pythoncore-3.14-64\Lib\encodings\cp1252.py", line 23, in decode
    return codecs.charmap_decode(input,self.errors,decoding_table)[0]
           ~~~~~~~~~~~~~~~~~~~~~^^^^^^^^^^^^^^^^^^^^^^^^^^^^^^^^^^
UnicodeDecodeError: 'charmap' codec can't decode byte 0x8f in position 7: character maps to <undefined>
Exception in thread Thread-145 (_readerthread):
Exception in thread Thread-146 (_readerthread):
Traceback (most recent call last):
  File "C:\Users\matth\AppData\Local\Python\pythoncore-3.14-64\Lib\threading.py", line 1082, in _bootstrap_inner
    self._context.run(self.run)
    ~~~~~~~~~~~~~~~~~^^^^^^^^^^
  File "C:\Users\matth\AppData\Local\Python\pythoncore-3.14-64\Lib\threading.py", line 1024, in run
    self._target(*self._args, **self._kwargs)
    ~~~~~~~~~~~~^^^^^^^^^^^^^^^^^^^^^^^^^^^^^
  File "C:\Users\matth\AppData\Local\Python\pythoncore-3.14-64\Lib\subprocess.py", line 1614, in _readerthread
    buffer.append(fh.read())
                  ~~~~~~~^^
  File "C:\Users\matth\AppData\Local\Python\pythoncore-3.14-64\Lib\encodings\cp1252.py", line 23, in decode
    return codecs.charmap_decode(input,self.errors,decoding_table)[0]
           ~~~~~~~~~~~~~~~~~~~~~^^^^^^^^^^^^^^^^^^^^^^^^^^^^^^^^^^
Traceback (most recent call last):
UnicodeDecodeError: 'charmap' codec can't decode byte 0x8f in position 7: character maps to <undefined>
  File "C:\Users\matth\AppData\Local\Python\pythoncore-3.14-64\Lib\threading.py", line 1082, in _bootstrap_inner
    self._context.run(self.run)
    ~~~~~~~~~~~~~~~~~^^^^^^^^^^
  File "C:\Users\matth\AppData\Local\Python\pythoncore-3.14-64\Lib\threading.py", line 1024, in run
    self._target(*self._args, **self._kwargs)
    ~~~~~~~~~~~~^^^^^^^^^^^^^^^^^^^^^^^^^^^^^
  File "C:\Users\matth\AppData\Local\Python\pythoncore-3.14-64\Lib\subprocess.py", line 1614, in _readerthread
    buffer.append(fh.read())
                  ~~~~~~~^^
  File "C:\Users\matth\AppData\Local\Python\pythoncore-3.14-64\Lib\encodings\cp1252.py", line 23, in decode
    return codecs.charmap_decode(input,self.errors,decoding_table)[0]
           ~~~~~~~~~~~~~~~~~~~~~^^^^^^^^^^^^^^^^^^^^^^^^^^^^^^^^^^
UnicodeDecodeError: 'charmap' codec can't decode byte 0x8f in position 230: character maps to <undefined>
Exception in thread Thread-147 (_readerthread):
Traceback (most recent call last):
  File "C:\Users\matth\AppData\Local\Python\pythoncore-3.14-64\Lib\threading.py", line 1082, in _bootstrap_inner
    self._context.run(self.run)
    ~~~~~~~~~~~~~~~~~^^^^^^^^^^
  File "C:\Users\matth\AppData\Local\Python\pythoncore-3.14-64\Lib\threading.py", line 1024, in run
    self._target(*self._args, **self._kwargs)
    ~~~~~~~~~~~~^^^^^^^^^^^^^^^^^^^^^^^^^^^^^
  File "C:\Users\matth\AppData\Local\Python\pythoncore-3.14-64\Lib\subprocess.py", line 1614, in _readerthread
    buffer.append(fh.read())
                  ~~~~~~~^^
  File "C:\Users\matth\AppData\Local\Python\pythoncore-3.14-64\Lib\encodings\cp1252.py", line 23, in decode
    return codecs.charmap_decode(input,self.errors,decoding_table)[0]
           ~~~~~~~~~~~~~~~~~~~~~^^^^^^^^^^^^^^^^^^^^^^^^^^^^^^^^^^
Exception in thread Thread-148 (_readerthread):
UnicodeDecodeError: 'charmap' codec can't decode byte 0x8f in position 7: character maps to <undefined>
Traceback (most recent call last):
  File "C:\Users\matth\AppData\Local\Python\pythoncore-3.14-64\Lib\threading.py", line 1082, in _bootstrap_inner
    self._context.run(self.run)
    ~~~~~~~~~~~~~~~~~^^^^^^^^^^
  File "C:\Users\matth\AppData\Local\Python\pythoncore-3.14-64\Lib\threading.py", line 1024, in run
    self._target(*self._args, **self._kwargs)
    ~~~~~~~~~~~~^^^^^^^^^^^^^^^^^^^^^^^^^^^^^
  File "C:\Users\matth\AppData\Local\Python\pythoncore-3.14-64\Lib\subprocess.py", line 1614, in _readerthread
    buffer.append(fh.read())
                  ~~~~~~~^^
  File "C:\Users\matth\AppData\Local\Python\pythoncore-3.14-64\Lib\encodings\cp1252.py", line 23, in decode
    return codecs.charmap_decode(input,self.errors,decoding_table)[0]
           ~~~~~~~~~~~~~~~~~~~~~^^^^^^^^^^^^^^^^^^^^^^^^^^^^^^^^^^
UnicodeDecodeError: 'charmap' codec can't decode byte 0x8f in position 230: character maps to <undefined>
Exception in thread Thread-150 (_readerthread):
Exception in thread Thread-149 (_readerthread):
Traceback (most recent call last):
  File "C:\Users\matth\AppData\Local\Python\pythoncore-3.14-64\Lib\threading.py", line 1082, in _bootstrap_inner
    self._context.run(self.run)
    ~~~~~~~~~~~~~~~~~^^^^^^^^^^
  File "C:\Users\matth\AppData\Local\Python\pythoncore-3.14-64\Lib\threading.py", line 1024, in run
    self._target(*self._args, **self._kwargs)
    ~~~~~~~~~~~~^^^^^^^^^^^^^^^^^^^^^^^^^^^^^
  File "C:\Users\matth\AppData\Local\Python\pythoncore-3.14-64\Lib\subprocess.py", line 1614, in _readerthread
    buffer.append(fh.read())
                  ~~~~~~~^^
  File "C:\Users\matth\AppData\Local\Python\pythoncore-3.14-64\Lib\encodings\cp1252.py", line 23, in decode
    return codecs.charmap_decode(input,self.errors,decoding_table)[0]
           ~~~~~~~~~~~~~~~~~~~~~^^^^^^^^^^^^^^^^^^^^^^^^^^^^^^^^^^
Traceback (most recent call last):
UnicodeDecodeError: 'charmap' codec can't decode byte 0x8f in position 230: character maps to <undefined>
  File "C:\Users\matth\AppData\Local\Python\pythoncore-3.14-64\Lib\threading.py", line 1082, in _bootstrap_inner
    self._context.run(self.run)
    ~~~~~~~~~~~~~~~~~^^^^^^^^^^
  File "C:\Users\matth\AppData\Local\Python\pythoncore-3.14-64\Lib\threading.py", line 1024, in run
    self._target(*self._args, **self._kwargs)
    ~~~~~~~~~~~~^^^^^^^^^^^^^^^^^^^^^^^^^^^^^
  File "C:\Users\matth\AppData\Local\Python\pythoncore-3.14-64\Lib\subprocess.py", line 1614, in _readerthread
    buffer.append(fh.read())
                  ~~~~~~~^^
  File "C:\Users\matth\AppData\Local\Python\pythoncore-3.14-64\Lib\encodings\cp1252.py", line 23, in decode
    return codecs.charmap_decode(input,self.errors,decoding_table)[0]
           ~~~~~~~~~~~~~~~~~~~~~^^^^^^^^^^^^^^^^^^^^^^^^^^^^^^^^^^
UnicodeDecodeError: 'charmap' codec can't decode byte 0x8f in position 7: character maps to <undefined>
Exception in thread Thread-152 (_readerthread):
Traceback (most recent call last):
  File "C:\Users\matth\AppData\Local\Python\pythoncore-3.14-64\Lib\threading.py", line 1082, in _bootstrap_inner
    self._context.run(self.run)
    ~~~~~~~~~~~~~~~~~^^^^^^^^^^
Exception in thread Thread-151 (_readerthread):
  File "C:\Users\matth\AppData\Local\Python\pythoncore-3.14-64\Lib\threading.py", line 1024, in run
    self._target(*self._args, **self._kwargs)
    ~~~~~~~~~~~~^^^^^^^^^^^^^^^^^^^^^^^^^^^^^
  File "C:\Users\matth\AppData\Local\Python\pythoncore-3.14-64\Lib\subprocess.py", line 1614, in _readerthread
    buffer.append(fh.read())
                  ~~~~~~~^^
  File "C:\Users\matth\AppData\Local\Python\pythoncore-3.14-64\Lib\encodings\cp1252.py", line 23, in decode
    return codecs.charmap_decode(input,self.errors,decoding_table)[0]
           ~~~~~~~~~~~~~~~~~~~~~^^^^^^^^^^^^^^^^^^^^^^^^^^^^^^^^^^
Traceback (most recent call last):
UnicodeDecodeError: 'charmap' codec can't decode byte 0x8f in position 230: character maps to <undefined>
  File "C:\Users\matth\AppData\Local\Python\pythoncore-3.14-64\Lib\threading.py", line 1082, in _bootstrap_inner
    self._context.run(self.run)
    ~~~~~~~~~~~~~~~~~^^^^^^^^^^
  File "C:\Users\matth\AppData\Local\Python\pythoncore-3.14-64\Lib\threading.py", line 1024, in run
    self._target(*self._args, **self._kwargs)
    ~~~~~~~~~~~~^^^^^^^^^^^^^^^^^^^^^^^^^^^^^
  File "C:\Users\matth\AppData\Local\Python\pythoncore-3.14-64\Lib\subprocess.py", line 1614, in _readerthread
    buffer.append(fh.read())
                  ~~~~~~~^^
  File "C:\Users\matth\AppData\Local\Python\pythoncore-3.14-64\Lib\encodings\cp1252.py", line 23, in decode
    return codecs.charmap_decode(input,self.errors,decoding_table)[0]
           ~~~~~~~~~~~~~~~~~~~~~^^^^^^^^^^^^^^^^^^^^^^^^^^^^^^^^^^
UnicodeDecodeError: 'charmap' codec can't decode byte 0x8f in position 7: character maps to <undefined>
   au-cm-kg 26 / 35
Exception in thread Thread-154 (_readerthread):
Exception in thread Thread-153 (_readerthread):
Traceback (most recent call last):
  File "C:\Users\matth\AppData\Local\Python\pythoncore-3.14-64\Lib\threading.py", line 1082, in _bootstrap_inner
    self._context.run(self.run)
    ~~~~~~~~~~~~~~~~~^^^^^^^^^^
  File "C:\Users\matth\AppData\Local\Python\pythoncore-3.14-64\Lib\threading.py", line 1024, in run
    self._target(*self._args, **self._kwargs)
    ~~~~~~~~~~~~^^^^^^^^^^^^^^^^^^^^^^^^^^^^^
  File "C:\Users\matth\AppData\Local\Python\pythoncore-3.14-64\Lib\subprocess.py", line 1614, in _readerthread
    buffer.append(fh.read())
                  ~~~~~~~^^
  File "C:\Users\matth\AppData\Local\Python\pythoncore-3.14-64\Lib\encodings\cp1252.py", line 23, in decode
    return codecs.charmap_decode(input,self.errors,decoding_table)[0]
           ~~~~~~~~~~~~~~~~~~~~~^^^^^^^^^^^^^^^^^^^^^^^^^^^^^^^^^^
UnicodeDecodeError: 'charmap' codec can't decode byte 0x8f in position 7: character maps to <undefined>
Traceback (most recent call last):
  File "C:\Users\matth\AppData\Local\Python\pythoncore-3.14-64\Lib\threading.py", line 1082, in _bootstrap_inner
    self._context.run(self.run)
    ~~~~~~~~~~~~~~~~~^^^^^^^^^^
  File "C:\Users\matth\AppData\Local\Python\pythoncore-3.14-64\Lib\threading.py", line 1024, in run
    self._target(*self._args, **self._kwargs)
    ~~~~~~~~~~~~^^^^^^^^^^^^^^^^^^^^^^^^^^^^^
  File "C:\Users\matth\AppData\Local\Python\pythoncore-3.14-64\Lib\subprocess.py", line 1614, in _readerthread
    buffer.append(fh.read())
                  ~~~~~~~^^
  File "C:\Users\matth\AppData\Local\Python\pythoncore-3.14-64\Lib\encodings\cp1252.py", line 23, in decode
    return codecs.charmap_decode(input,self.errors,decoding_table)[0]
           ~~~~~~~~~~~~~~~~~~~~~^^^^^^^^^^^^^^^^^^^^^^^^^^^^^^^^^^
UnicodeDecodeError: 'charmap' codec can't decode byte 0x8f in position 230: character maps to <undefined>
Exception in thread Thread-156 (_readerthread):
Exception in thread Thread-155 (_readerthread):
Traceback (most recent call last):
  File "C:\Users\matth\AppData\Local\Python\pythoncore-3.14-64\Lib\threading.py", line 1082, in _bootstrap_inner
    self._context.run(self.run)
    ~~~~~~~~~~~~~~~~~^^^^^^^^^^
Traceback (most recent call last):
  File "C:\Users\matth\AppData\Local\Python\pythoncore-3.14-64\Lib\threading.py", line 1024, in run
    self._target(*self._args, **self._kwargs)
    ~~~~~~~~~~~~^^^^^^^^^^^^^^^^^^^^^^^^^^^^^
  File "C:\Users\matth\AppData\Local\Python\pythoncore-3.14-64\Lib\threading.py", line 1082, in _bootstrap_inner
    self._context.run(self.run)
    ~~~~~~~~~~~~~~~~~^^^^^^^^^^
  File "C:\Users\matth\AppData\Local\Python\pythoncore-3.14-64\Lib\subprocess.py", line 1614, in _readerthread
    buffer.append(fh.read())
                  ~~~~~~~^^
  File "C:\Users\matth\AppData\Local\Python\pythoncore-3.14-64\Lib\threading.py", line 1024, in run
    self._target(*self._args, **self._kwargs)
    ~~~~~~~~~~~~^^^^^^^^^^^^^^^^^^^^^^^^^^^^^
  File "C:\Users\matth\AppData\Local\Python\pythoncore-3.14-64\Lib\encodings\cp1252.py", line 23, in decode
    return codecs.charmap_decode(input,self.errors,decoding_table)[0]
           ~~~~~~~~~~~~~~~~~~~~~^^^^^^^^^^^^^^^^^^^^^^^^^^^^^^^^^^
  File "C:\Users\matth\AppData\Local\Python\pythoncore-3.14-64\Lib\subprocess.py", line 1614, in _readerthread
    buffer.append(fh.read())
                  ~~~~~~~^^
UnicodeDecodeError: 'charmap' codec can't decode byte 0x8f in position 230: character maps to <undefined>
  File "C:\Users\matth\AppData\Local\Python\pythoncore-3.14-64\Lib\encodings\cp1252.py", line 23, in decode
    return codecs.charmap_decode(input,self.errors,decoding_table)[0]
           ~~~~~~~~~~~~~~~~~~~~~^^^^^^^^^^^^^^^^^^^^^^^^^^^^^^^^^^
UnicodeDecodeError: 'charmap' codec can't decode byte 0x8f in position 7: character maps to <undefined>
Exception in thread Thread-158 (_readerthread):
Exception in thread Thread-157 (_readerthread):
Traceback (most recent call last):
Traceback (most recent call last):
  File "C:\Users\matth\AppData\Local\Python\pythoncore-3.14-64\Lib\threading.py", line 1082, in _bootstrap_inner
    self._context.run(self.run)
    ~~~~~~~~~~~~~~~~~^^^^^^^^^^
  File "C:\Users\matth\AppData\Local\Python\pythoncore-3.14-64\Lib\threading.py", line 1082, in _bootstrap_inner
    self._context.run(self.run)
    ~~~~~~~~~~~~~~~~~^^^^^^^^^^
  File "C:\Users\matth\AppData\Local\Python\pythoncore-3.14-64\Lib\threading.py", line 1024, in run
    self._target(*self._args, **self._kwargs)
    ~~~~~~~~~~~~^^^^^^^^^^^^^^^^^^^^^^^^^^^^^
  File "C:\Users\matth\AppData\Local\Python\pythoncore-3.14-64\Lib\threading.py", line 1024, in run
    self._target(*self._args, **self._kwargs)
    ~~~~~~~~~~~~^^^^^^^^^^^^^^^^^^^^^^^^^^^^^
  File "C:\Users\matth\AppData\Local\Python\pythoncore-3.14-64\Lib\subprocess.py", line 1614, in _readerthread
    buffer.append(fh.read())
                  ~~~~~~~^^
  File "C:\Users\matth\AppData\Local\Python\pythoncore-3.14-64\Lib\subprocess.py", line 1614, in _readerthread
    buffer.append(fh.read())
                  ~~~~~~~^^
  File "C:\Users\matth\AppData\Local\Python\pythoncore-3.14-64\Lib\encodings\cp1252.py", line 23, in decode
    return codecs.charmap_decode(input,self.errors,decoding_table)[0]
           ~~~~~~~~~~~~~~~~~~~~~^^^^^^^^^^^^^^^^^^^^^^^^^^^^^^^^^^
  File "C:\Users\matth\AppData\Local\Python\pythoncore-3.14-64\Lib\encodings\cp1252.py", line 23, in decode
    return codecs.charmap_decode(input,self.errors,decoding_table)[0]
           ~~~~~~~~~~~~~~~~~~~~~^^^^^^^^^^^^^^^^^^^^^^^^^^^^^^^^^^
UnicodeDecodeError: 'charmap' codec can't decode byte 0x8f in position 230: character maps to <undefined>
UnicodeDecodeError: 'charmap' codec can't decode byte 0x8f in position 7: character maps to <undefined>
Exception in thread Thread-160 (_readerthread):
Exception in thread Thread-159 (_readerthread):
Traceback (most recent call last):
  File "C:\Users\matth\AppData\Local\Python\pythoncore-3.14-64\Lib\threading.py", line 1082, in _bootstrap_inner
    self._context.run(self.run)
    ~~~~~~~~~~~~~~~~~^^^^^^^^^^
  File "C:\Users\matth\AppData\Local\Python\pythoncore-3.14-64\Lib\threading.py", line 1024, in run
    self._target(*self._args, **self._kwargs)
    ~~~~~~~~~~~~^^^^^^^^^^^^^^^^^^^^^^^^^^^^^
Traceback (most recent call last):
  File "C:\Users\matth\AppData\Local\Python\pythoncore-3.14-64\Lib\subprocess.py", line 1614, in _readerthread
    buffer.append(fh.read())
                  ~~~~~~~^^
  File "C:\Users\matth\AppData\Local\Python\pythoncore-3.14-64\Lib\threading.py", line 1082, in _bootstrap_inner
    self._context.run(self.run)
    ~~~~~~~~~~~~~~~~~^^^^^^^^^^
  File "C:\Users\matth\AppData\Local\Python\pythoncore-3.14-64\Lib\encodings\cp1252.py", line 23, in decode
    return codecs.charmap_decode(input,self.errors,decoding_table)[0]
           ~~~~~~~~~~~~~~~~~~~~~^^^^^^^^^^^^^^^^^^^^^^^^^^^^^^^^^^
  File "C:\Users\matth\AppData\Local\Python\pythoncore-3.14-64\Lib\threading.py", line 1024, in run
    self._target(*self._args, **self._kwargs)
    ~~~~~~~~~~~~^^^^^^^^^^^^^^^^^^^^^^^^^^^^^
UnicodeDecodeError: 'charmap' codec can't decode byte 0x8f in position 230: character maps to <undefined>
  File "C:\Users\matth\AppData\Local\Python\pythoncore-3.14-64\Lib\subprocess.py", line 1614, in _readerthread
    buffer.append(fh.read())
                  ~~~~~~~^^
  File "C:\Users\matth\AppData\Local\Python\pythoncore-3.14-64\Lib\encodings\cp1252.py", line 23, in decode
    return codecs.charmap_decode(input,self.errors,decoding_table)[0]
           ~~~~~~~~~~~~~~~~~~~~~^^^^^^^^^^^^^^^^^^^^^^^^^^^^^^^^^^
UnicodeDecodeError: 'charmap' codec can't decode byte 0x8f in position 7: character maps to <undefined>
Exception in thread Thread-161 (_readerthread):
Exception in thread Thread-162 (_readerthread):
Traceback (most recent call last):
Traceback (most recent call last):
  File "C:\Users\matth\AppData\Local\Python\pythoncore-3.14-64\Lib\threading.py", line 1082, in _bootstrap_inner
    self._context.run(self.run)
    ~~~~~~~~~~~~~~~~~^^^^^^^^^^
  File "C:\Users\matth\AppData\Local\Python\pythoncore-3.14-64\Lib\threading.py", line 1082, in _bootstrap_inner
    self._context.run(self.run)
    ~~~~~~~~~~~~~~~~~^^^^^^^^^^
  File "C:\Users\matth\AppData\Local\Python\pythoncore-3.14-64\Lib\threading.py", line 1024, in run
    self._target(*self._args, **self._kwargs)
    ~~~~~~~~~~~~^^^^^^^^^^^^^^^^^^^^^^^^^^^^^
  File "C:\Users\matth\AppData\Local\Python\pythoncore-3.14-64\Lib\threading.py", line 1024, in run
    self._target(*self._args, **self._kwargs)
    ~~~~~~~~~~~~^^^^^^^^^^^^^^^^^^^^^^^^^^^^^
  File "C:\Users\matth\AppData\Local\Python\pythoncore-3.14-64\Lib\subprocess.py", line 1614, in _readerthread
    buffer.append(fh.read())
                  ~~~~~~~^^
  File "C:\Users\matth\AppData\Local\Python\pythoncore-3.14-64\Lib\encodings\cp1252.py", line 23, in decode
    return codecs.charmap_decode(input,self.errors,decoding_table)[0]
           ~~~~~~~~~~~~~~~~~~~~~^^^^^^^^^^^^^^^^^^^^^^^^^^^^^^^^^^
  File "C:\Users\matth\AppData\Local\Python\pythoncore-3.14-64\Lib\subprocess.py", line 1614, in _readerthread
    buffer.append(fh.read())
                  ~~~~~~~^^
UnicodeDecodeError: 'charmap' codec can't decode byte 0x8f in position 7: character maps to <undefined>
  File "C:\Users\matth\AppData\Local\Python\pythoncore-3.14-64\Lib\encodings\cp1252.py", line 23, in decode
    return codecs.charmap_decode(input,self.errors,decoding_table)[0]
           ~~~~~~~~~~~~~~~~~~~~~^^^^^^^^^^^^^^^^^^^^^^^^^^^^^^^^^^
UnicodeDecodeError: 'charmap' codec can't decode byte 0x8f in position 230: character maps to <undefined>
   au-cm-kg 31 / 35
Exception in thread Thread-164 (_readerthread):
Exception in thread Thread-163 (_readerthread):
Traceback (most recent call last):
Traceback (most recent call last):
  File "C:\Users\matth\AppData\Local\Python\pythoncore-3.14-64\Lib\threading.py", line 1082, in _bootstrap_inner
    self._context.run(self.run)
    ~~~~~~~~~~~~~~~~~^^^^^^^^^^
  File "C:\Users\matth\AppData\Local\Python\pythoncore-3.14-64\Lib\threading.py", line 1024, in run
    self._target(*self._args, **self._kwargs)
    ~~~~~~~~~~~~^^^^^^^^^^^^^^^^^^^^^^^^^^^^^
  File "C:\Users\matth\AppData\Local\Python\pythoncore-3.14-64\Lib\subprocess.py", line 1614, in _readerthread
    buffer.append(fh.read())
                  ~~~~~~~^^
  File "C:\Users\matth\AppData\Local\Python\pythoncore-3.14-64\Lib\encodings\cp1252.py", line 23, in decode
    return codecs.charmap_decode(input,self.errors,decoding_table)[0]
           ~~~~~~~~~~~~~~~~~~~~~^^^^^^^^^^^^^^^^^^^^^^^^^^^^^^^^^^
UnicodeDecodeError: 'charmap' codec can't decode byte 0x8f in position 230: character maps to <undefined>
  File "C:\Users\matth\AppData\Local\Python\pythoncore-3.14-64\Lib\threading.py", line 1082, in _bootstrap_inner
    self._context.run(self.run)
    ~~~~~~~~~~~~~~~~~^^^^^^^^^^
  File "C:\Users\matth\AppData\Local\Python\pythoncore-3.14-64\Lib\threading.py", line 1024, in run
    self._target(*self._args, **self._kwargs)
    ~~~~~~~~~~~~^^^^^^^^^^^^^^^^^^^^^^^^^^^^^
  File "C:\Users\matth\AppData\Local\Python\pythoncore-3.14-64\Lib\subprocess.py", line 1614, in _readerthread
    buffer.append(fh.read())
                  ~~~~~~~^^
  File "C:\Users\matth\AppData\Local\Python\pythoncore-3.14-64\Lib\encodings\cp1252.py", line 23, in decode
    return codecs.charmap_decode(input,self.errors,decoding_table)[0]
           ~~~~~~~~~~~~~~~~~~~~~^^^^^^^^^^^^^^^^^^^^^^^^^^^^^^^^^^
UnicodeDecodeError: 'charmap' codec can't decode byte 0x8f in position 7: character maps to <undefined>
Exception in thread Thread-166 (_readerthread):
Exception in thread Thread-165 (_readerthread):
Traceback (most recent call last):
  File "C:\Users\matth\AppData\Local\Python\pythoncore-3.14-64\Lib\threading.py", line 1082, in _bootstrap_inner
    self._context.run(self.run)
    ~~~~~~~~~~~~~~~~~^^^^^^^^^^
  File "C:\Users\matth\AppData\Local\Python\pythoncore-3.14-64\Lib\threading.py", line 1024, in run
    self._target(*self._args, **self._kwargs)
    ~~~~~~~~~~~~^^^^^^^^^^^^^^^^^^^^^^^^^^^^^
  File "C:\Users\matth\AppData\Local\Python\pythoncore-3.14-64\Lib\subprocess.py", line 1614, in _readerthread
    buffer.append(fh.read())
                  ~~~~~~~^^
  File "C:\Users\matth\AppData\Local\Python\pythoncore-3.14-64\Lib\encodings\cp1252.py", line 23, in decode
    return codecs.charmap_decode(input,self.errors,decoding_table)[0]
           ~~~~~~~~~~~~~~~~~~~~~^^^^^^^^^^^^^^^^^^^^^^^^^^^^^^^^^^
UnicodeDecodeError: 'charmap' codec can't decode byte 0x8f in position 7: character maps to <undefined>
Traceback (most recent call last):
  File "C:\Users\matth\AppData\Local\Python\pythoncore-3.14-64\Lib\threading.py", line 1082, in _bootstrap_inner
    self._context.run(self.run)
    ~~~~~~~~~~~~~~~~~^^^^^^^^^^
  File "C:\Users\matth\AppData\Local\Python\pythoncore-3.14-64\Lib\threading.py", line 1024, in run
    self._target(*self._args, **self._kwargs)
    ~~~~~~~~~~~~^^^^^^^^^^^^^^^^^^^^^^^^^^^^^
  File "C:\Users\matth\AppData\Local\Python\pythoncore-3.14-64\Lib\subprocess.py", line 1614, in _readerthread
    buffer.append(fh.read())
                  ~~~~~~~^^
  File "C:\Users\matth\AppData\Local\Python\pythoncore-3.14-64\Lib\encodings\cp1252.py", line 23, in decode
    return codecs.charmap_decode(input,self.errors,decoding_table)[0]
           ~~~~~~~~~~~~~~~~~~~~~^^^^^^^^^^^^^^^^^^^^^^^^^^^^^^^^^^
UnicodeDecodeError: 'charmap' codec can't decode byte 0x8f in position 230: character maps to <undefined>
Exception in thread Thread-168 (_readerthread):
Exception in thread Thread-167 (_readerthread):
Traceback (most recent call last):
  File "C:\Users\matth\AppData\Local\Python\pythoncore-3.14-64\Lib\threading.py", line 1082, in _bootstrap_inner
    self._context.run(self.run)
    ~~~~~~~~~~~~~~~~~^^^^^^^^^^
  File "C:\Users\matth\AppData\Local\Python\pythoncore-3.14-64\Lib\threading.py", line 1024, in run
    self._target(*self._args, **self._kwargs)
    ~~~~~~~~~~~~^^^^^^^^^^^^^^^^^^^^^^^^^^^^^
  File "C:\Users\matth\AppData\Local\Python\pythoncore-3.14-64\Lib\subprocess.py", line 1614, in _readerthread
    buffer.append(fh.read())
                  ~~~~~~~^^
  File "C:\Users\matth\AppData\Local\Python\pythoncore-3.14-64\Lib\encodings\cp1252.py", line 23, in decode
    return codecs.charmap_decode(input,self.errors,decoding_table)[0]
           ~~~~~~~~~~~~~~~~~~~~~^^^^^^^^^^^^^^^^^^^^^^^^^^^^^^^^^^
Traceback (most recent call last):
UnicodeDecodeError: 'charmap' codec can't decode byte 0x8f in position 230: character maps to <undefined>
  File "C:\Users\matth\AppData\Local\Python\pythoncore-3.14-64\Lib\threading.py", line 1082, in _bootstrap_inner
    self._context.run(self.run)
    ~~~~~~~~~~~~~~~~~^^^^^^^^^^
  File "C:\Users\matth\AppData\Local\Python\pythoncore-3.14-64\Lib\threading.py", line 1024, in run
    self._target(*self._args, **self._kwargs)
    ~~~~~~~~~~~~^^^^^^^^^^^^^^^^^^^^^^^^^^^^^
  File "C:\Users\matth\AppData\Local\Python\pythoncore-3.14-64\Lib\subprocess.py", line 1614, in _readerthread
    buffer.append(fh.read())
                  ~~~~~~~^^
  File "C:\Users\matth\AppData\Local\Python\pythoncore-3.14-64\Lib\encodings\cp1252.py", line 23, in decode
    return codecs.charmap_decode(input,self.errors,decoding_table)[0]
           ~~~~~~~~~~~~~~~~~~~~~^^^^^^^^^^^^^^^^^^^^^^^^^^^^^^^^^^
UnicodeDecodeError: 'charmap' codec can't decode byte 0x8f in position 7: character maps to <undefined>
Exception in thread Thread-169 (_readerthread):
Exception in thread Thread-170 (_readerthread):
Traceback (most recent call last):
Traceback (most recent call last):
  File "C:\Users\matth\AppData\Local\Python\pythoncore-3.14-64\Lib\threading.py", line 1082, in _bootstrap_inner
    self._context.run(self.run)
    ~~~~~~~~~~~~~~~~~^^^^^^^^^^
  File "C:\Users\matth\AppData\Local\Python\pythoncore-3.14-64\Lib\threading.py", line 1082, in _bootstrap_inner
    self._context.run(self.run)
    ~~~~~~~~~~~~~~~~~^^^^^^^^^^
  File "C:\Users\matth\AppData\Local\Python\pythoncore-3.14-64\Lib\threading.py", line 1024, in run
    self._target(*self._args, **self._kwargs)
    ~~~~~~~~~~~~^^^^^^^^^^^^^^^^^^^^^^^^^^^^^
  File "C:\Users\matth\AppData\Local\Python\pythoncore-3.14-64\Lib\threading.py", line 1024, in run
    self._target(*self._args, **self._kwargs)
    ~~~~~~~~~~~~^^^^^^^^^^^^^^^^^^^^^^^^^^^^^
  File "C:\Users\matth\AppData\Local\Python\pythoncore-3.14-64\Lib\subprocess.py", line 1614, in _readerthread
    buffer.append(fh.read())
                  ~~~~~~~^^
  File "C:\Users\matth\AppData\Local\Python\pythoncore-3.14-64\Lib\subprocess.py", line 1614, in _readerthread
    buffer.append(fh.read())
                  ~~~~~~~^^
  File "C:\Users\matth\AppData\Local\Python\pythoncore-3.14-64\Lib\encodings\cp1252.py", line 23, in decode
    return codecs.charmap_decode(input,self.errors,decoding_table)[0]
           ~~~~~~~~~~~~~~~~~~~~~^^^^^^^^^^^^^^^^^^^^^^^^^^^^^^^^^^
  File "C:\Users\matth\AppData\Local\Python\pythoncore-3.14-64\Lib\encodings\cp1252.py", line 23, in decode
    return codecs.charmap_decode(input,self.errors,decoding_table)[0]
           ~~~~~~~~~~~~~~~~~~~~~^^^^^^^^^^^^^^^^^^^^^^^^^^^^^^^^^^
UnicodeDecodeError: 'charmap' codec can't decode byte 0x8f in position 7: character maps to <undefined>
UnicodeDecodeError: 'charmap' codec can't decode byte 0x8f in position 230: character maps to <undefined>
Exception in thread Thread-172 (_readerthread):
Exception in thread Thread-171 (_readerthread):
Traceback (most recent call last):
Traceback (most recent call last):
  File "C:\Users\matth\AppData\Local\Python\pythoncore-3.14-64\Lib\threading.py", line 1082, in _bootstrap_inner
    self._context.run(self.run)
    ~~~~~~~~~~~~~~~~~^^^^^^^^^^
  File "C:\Users\matth\AppData\Local\Python\pythoncore-3.14-64\Lib\threading.py", line 1082, in _bootstrap_inner
    self._context.run(self.run)
    ~~~~~~~~~~~~~~~~~^^^^^^^^^^
  File "C:\Users\matth\AppData\Local\Python\pythoncore-3.14-64\Lib\threading.py", line 1024, in run
    self._target(*self._args, **self._kwargs)
    ~~~~~~~~~~~~^^^^^^^^^^^^^^^^^^^^^^^^^^^^^
  File "C:\Users\matth\AppData\Local\Python\pythoncore-3.14-64\Lib\threading.py", line 1024, in run
    self._target(*self._args, **self._kwargs)
    ~~~~~~~~~~~~^^^^^^^^^^^^^^^^^^^^^^^^^^^^^
  File "C:\Users\matth\AppData\Local\Python\pythoncore-3.14-64\Lib\subprocess.py", line 1614, in _readerthread
    buffer.append(fh.read())
                  ~~~~~~~^^
  File "C:\Users\matth\AppData\Local\Python\pythoncore-3.14-64\Lib\subprocess.py", line 1614, in _readerthread
    buffer.append(fh.read())
                  ~~~~~~~^^
  File "C:\Users\matth\AppData\Local\Python\pythoncore-3.14-64\Lib\encodings\cp1252.py", line 23, in decode
    return codecs.charmap_decode(input,self.errors,decoding_table)[0]
           ~~~~~~~~~~~~~~~~~~~~~^^^^^^^^^^^^^^^^^^^^^^^^^^^^^^^^^^
  File "C:\Users\matth\AppData\Local\Python\pythoncore-3.14-64\Lib\encodings\cp1252.py", line 23, in decode
    return codecs.charmap_decode(input,self.errors,decoding_table)[0]
           ~~~~~~~~~~~~~~~~~~~~~^^^^^^^^^^^^^^^^^^^^^^^^^^^^^^^^^^
UnicodeDecodeError: 'charmap' codec can't decode byte 0x8f in position 230: character maps to <undefined>
UnicodeDecodeError: 'charmap' codec can't decode byte 0x8f in position 7: character maps to <undefined>
meta loaded
DONE {'ca-cm-kg': (4820, 25222), 'uk-cm-kg': (1570, 128393), 'au-cm-kg': (1874, 124300)}
